,0
0,https://ultradailyfx.com/
1,http://www.debtadvices.co.uk
2,https://bwcinvest.com/
3,https://www.fxtgianttrades.com/
4,https://firstprimerabank.com/
5,https://cryptofxflow.online/
6,https://www.stanfinbank.com/
7,https://www.indexfx.online
8,https://www.fxt-traders.ltd
9,https://www.lutonfxtrade.net
10,https://www.fx-investmentminer.com
11,https://fxcfdtraders.co.uk/
12,https://www.highstarinvest.com
13,https://cryptoforextrading50.com/
14,https://eufxbank.com/
15,https://www.exodusorbitalinvest.ltd
16,https://diamondforex.co.uk/
17,https://seainvention.wixsite.com/vine-investments
18,https://www.vadwelltradefx.com
19,https://www.cryptoinvestmentcapital.com
20,https://www.greatwesternintlbank.com
21,https://www.cryptodigital-currency.com
22,https://www.forexcryptopayout.com
23,https://realwealthinvestment.com/
24,https://www.ex-investment.com
25,https://www.profitschainfx.com
26,https://www.conferencefxplatform.com
27,https://www.mondialinvestmentsltd.vip
28,https://activfxtrade.com/
29,https://www.cryptocoindeskfx.com
30,https://www.glovefxtrade.com
31,https://www.exchangeincome.net
32,https://www.cryptocurrencyfxmining.com
33,https://orionglobalinvest.ltd/
34,https://www.eptfx.exchange
35,https://bravofxtrade.online/
36,https://firstcrystalbank.com/
37,http://stock-invests.com/
38,http://legacyfxbrokers.net/
39,https://usstockmarketinvestment.com/
40,https://devproinvest.com/
41,https://www.lqdfx.com/
42,https://www.refundable.co.uk
43,https://www.spartan-trade.com
44,https://www.foreverfinances.co.uk/
45,https://www.eliteforexsignals.org/
46,https://www.standardintercontinentalsavings.com
47,https://reliablemarketfxt.com/
48,https://www.nextacapitalfx.com
49,https://globalgetback.com
50,http://mountfinbank.com/
51,https://www.coinfxonline.com
52,https://swiftfxtrade.info/
53,https://dwsinvest.company/
54,https://basetradeglobalinvestment.net/
55,https://sterling-investment.ltd
56,https://capital-assets.world/
57,https://www.mortalfx.com
58,https://www.forextreasures.com
59,https://www.macrofundsbank.com
60,https://www.fxbitcoinminers.com
61,https://www.megaprofitcryptocurrency.com
62,https://trustmerchantcooperativebank.net/
63,https://www.fundingfx.co.uk/
64,https://mastertradeplusfx.com/
65,https://icapitalglobfx.com/
66,https://metrolintlbank.com/
67,http://dfxivpltfm.com/
68,https://www.cityfinancialassetmanagement.com
69,https://forexalphastr.com/
70,https://globalcryptoexpress.com/
71,https://usa-global-bank.com/
72,https://www.coinpaymentfx.com
73,https://www.win-tradeinvest.com
74,https://waileybank.com/
75,https://metropoliscapitalbank.site/
76,https://www.firsturbanbank.com
77,https://www.allcitizenbank.com
78,https://www.gcblondonltd.com
79,https://www.investfxsignals.com
80,https://www.adagio-ca.com
81,https://focusloans.uk
82,https://www.ikici.com
83,https://www.tradefca.com
84,https://www.cryptfx24.com
85,https://dailywealthfinancing.com/
86,https://www.josefnejedlyconsultancy.com
87,https://www.ftmtrade.com
88,https://www.main-bit.com
89,https://coinmatrixfx.uk/
90,https://www.solana-markets.com
91,https://rapidmoneyuk.com
92,https://www.equitibanklp.com
93,https://www.mxbitcoininvestment.com
94,https://flexomarketasia.com/
95,https://www.globalassete.ltd
96,https://westmark.cc
97,https://www.titanfundrecovery.com
98,https://www.insta-markets.com
99,https://www.hitstockfx.org
100,https://www.cryptofxaitrades.com
101,http://247tradesfx.com/
102,https://www.apex-cryptofx.com
103,https://chainswiftfx.com/
104,https://www.digicoinfx.com
105,https://www.gazprofx.com
106,https://fxmventure.com/
107,https://geteckuk.com
108,https://www.fxsmartcapitaltrade.com
109,https://www.infyfxtrade.com
110,https://www.globalcryptominer.com
111,https://ftx.com/
112, https://fxplus.pro/
113,https://www.tacoforex.com
114,https://www.premiumoptionfxpro.com
115,https://www.myonefx.com
116,https://cryptoxtrades.com/
117,https://www.forextros.com
118,https://www.binanceinvest.ltd
119,https://www.nocreditcheckloans.co.uk
120,https://www.scfxmarket.com
121,https://icg24.com/
122,https://Smartfxcapitals.com
123,https://Elite-bonds.com
124,https://longviewfsuk.com
125,https://www.marketfxm.com
126,https://www.jkmt.online/
127, https://www.facebook.com/Javed.Khan.1998
128,https://www.aisinsurances.co.uk
129,https://fraud-solutions.net
130,https://www.m24markets.com
131,https://bitcoinvault.global/
132,https://ukclaimsdirect.com/
133,https://www.iva-advice.co/
134,https://www.safedebts.co.uk
135,https://www.omniclaim.co.uk
136,https://www.claim-justice.com
137,https://tradingspace.pro/
138,https://ethprofits.com
139, https://obgfx.net/
140,http://moorelandadvisors.com/
141,https://www.reclaimexperts.co.uk/
142,https://abilitycorporateadvisory.com/
143,https://click-moneysystem.com
144,https://www.safeclaims.co.uk
145, https://europatradingcapital.com/
146,https://www.ameyfinance.com
147,http://crypto-messiah.org/
148,https://beyondoptionfx.com/
149,https://empirestradefx.com/
150,https://www.realcryptotraders.com
151,https://www.net-tradersfx.org
152,https://dakkengroup.com
153,https://www.4xlimited.com
154,https://www.golddealfx.com
155,https://mycryptoworks.com/
156,https://WWW.CRYPTO-UPDATE24.COM
157,https://srfxtrades.com/
158,http://www.chartwelladvllc.com/
159,https://forexglobalcap.com/
160,https://cibfx.com/
161,https://profitfx.uk/
162,https://www.capital-forexlive.com
163,https://cryptoinvestmentsolutionsltd.com/
164,https://www.dcpjapan.com
165,https://www.crypto-smartchain.com
166,https://superether.io
167,https://cryptoliteprofit.com/
168,https://maxfxfinpro.com/
169,https://www.beneffx.com
170,https://traderhouse.com
171,https://www.cryptopremium247.com
172,https://www.metafxtraders.com
173,https://crypto-btc.info/
174,https://cryptobroker.ltd/
175,https://www.cryptocoins-traders.com
176,https://www.cradlefx.com
177,https://www.cryptoprimetrading.com
178,https://www.metagoldcapital.com
179,https://www.cryptocurrencyxpress.com
180,https://www.forexbigroup.com
181,https://www.cryptodesiree.com
182,https://deluxecoinfx.com/
183,https://scamconsulting.com/
184,https://www.btcboxcryptocurrency.com
185,https://www.afxdt.com
186,https://www.iwlconsulting.com
187,https://cryptopreco.com/
188,https://fxbitsignalsltd.com/
189,https://nimblefxpro.com/
190,https://unitedfxtrade.xyz/
191,https://www.fxtradchange.com
192,https://fxdaily.online/
193,https://bitruncryptomining.com/
194,https://www.fergofx.com
195,https://www.fxautotradepro.com
196,https://fx0ptionmininghub.com/
197,https://betafxtrade.com/
198,https://fxtradeespanacom.com/
199,https://www.cryptonaryfarm.com
200,http://www.roccafinancialgroup.com
201,http://agfxmarkets.com/
202,http://fxtminvestmentoption.com/
203,http://cryptolia.net/
204,http://maximfxasset.com/
205,https://icmarketingfx.com/
206,https://www.fxtradefund.online
207,https://megafxoptions.com/
208,http://vfxtrades.net/
209,http://surfxacademy.com/
210,http://crypto-deskfx.com/
211,http://cryptofxatlantictrade.com/
212,http://cryptoassetonline.com/
213,https://www.cryptoallys.com
214,https://cryptomegaoptions.net/
215,http://alphacryptotradefx.com/
216,https://bitforexglobal.com/
217,https://crypto-capitalist.online/
218,https://fxtradeoptions.net/
219,https://www.fxfcapita.online
220,https://fxbitmarketoption.com/
221,https://www.hub-finance.com
222,https://chilizpreco.com/
223,https://www.ozofxasia.com
224,https://www.Perfecttrade.site
225,https://www.Stormerfxtradeoption.com
226,https://Bitmainltd.uk/
227,https://www.tradeuniverse.org
228,https://www.calliber.io
229,https://www.pentiumfx.com
230,https://fx-btg.com/
231,https://www.ofxtrade.com
232,https://www.octaforexasian.com
233,https://www.tradersfxoption.com
234,https://forexcapitaltrade.com/
235,https://fxst.pro/
236,https://only100forex.com/
237,https://cryptominingi.com/
238,https://global-fx-trade.com/
239,https://legalfxtrade.com/
240,https://24cashfinances.com
241,https://www.octafxinvestment.com
242,https://www.summitfxt.com/
243,https://www.luxecapitalfund.com/
244,https://fxedeal.com/
245,https://vrncapitals.com/
246,https://hbafirst.com/
247,https://frxmarkets.com/
248,https://zealinvest.com/
249,https://enclavefx.com/
250,https://algotraderfx.com/
251,https://fixedinterestinvestments.com/
252,https://crypto-guild.com/
253,https://ozonfcorporation.bond
254,https://capitalcryptotrade.com/
255,http://www.fied-gov.org/index.html
256,https://swissunion.net/
257,https://www.easycreditloans.co.uk
258,https://www.yew-trading.net/
259,https://www.bitcoincryptocurrencyfxtrading.com
260,https://app.coinappfx.com/
261,https://solidcrypto-fx.com/
262,https://www.worldfxmarket.com
263,https://firstfxmarket.com/
264,https://bittradefxinvestment.com/
265,https://starleeft.com/
266,https://fxminvest.com/
267,https://www.coinxglobal.com
268,https://www.arzik-financial.com
269,https://cryptospotfx.com/
270,https://www.bullishfxmarkets.com
271,https://cryptoexpertinvestments.com/
272,https://kalecryptoinvestment.com/
273,https://cryptotrustinvestor.com
274,http://elitecryptofx.com/
275,https://www.genevastockllc.com
276,http://cryptocoin-fx.com/
277,http://canaancryptoinvestment.com/
278,https://oxaig.com/
279,https://forexexpertsinvest.com
280,https://www.kayansmarkets.com/
281,https://fxactiv.com/
282,https://www.globdechain.com/
283,https://films-4u.co.uk/
284,https://www.coinglass.com
285,https://www.invxsler.com/
286,https://advantiumlimited.com/
287,https://scamsrecovery.com/
288,https://www.finomarkets.com
289,https://pocketoption.com
290, https://toptrade.group/
291,https://brexitmillionaire.org/
292,https://www.365capitalfx.com
293,https://www.astrofxc.com
294,https://invest.international
295,https://st24online.com/
296,http://pathwayam.pro/
297,https://toprankglobal.com
298,https://www.legalfca.com
299,https://www.iescrowservices.com
300,https://investing4you.co.uk/
301,https://roger-d-wallis.business.site/
302,https://www.bullionintlpartnersllc.com
303,https://eis-investor.co.uk/
304, https://www.tradevtech.io/
305,https://www.onorio.live
306,https://www.gloffix.com/
307,https://igfb.one/
308,https://www.stanfordfx.com
309,https://www.cryptomarketchain.com
310,https://www.laurenthallut.com
311,https://sangus-group.co.uk
312, https://www.timlowe.com/
313,https://bitqt-app.com/
314, https://bitqt.org/
315,http://linkcentra.com/
316, https://www.coverteam.co.uk
317,https://hqtrade.io
318,http://clearvest.net/
319,https://cfdfunds.com/
320,https://finiviex.com
321,https://www.24faster.com
322,http://global-solution.io/
323,https://www.whatbond.co.uk/
324,https://www.cash-pension.co.uk
325,https://globalfxbtctrade.com/
326,https://www.solutionsmarkets.co
327,https://olymptrader.co.uk/
328, https://olymptrader.co.uk/
329,https://yourinvestmentadvice.com/
330,https://www.bondratesuk.uk
331,https://www.comparedbonds.uk
332,http://www.taxfreebond.net/
333,https://www.narsq.com
334,https://www.tradesto.com
335,https://riosolarenergy.co.uk/
336,https://spotfinex.com/
337,https://growthinvestments.co.uk
338,https://www.trading-coast.com
339,https://www.nagashimasakai.com
340,https://www.socialtrd.com
341,https://www.property-wealth.com
342,https://www.ethicalfixedrateinvestments.com
343,https://www.toolstrades.com/
344,https://www.trustpac.io
345,https://dixoncollins.com
346,https://Clearvest.co.uk
347,https://esg-investor.co.uk
348,https://www.incomecomparison.co.uk
349,https://www.cleanenergyinvestor.co.uk
350,https://www.cleanenergy-investments.co.uk
351,http://equitosgroup.com/
352,https://www.chinengroup.com
353,http://investbond24.com/
354,https://www.comparebondsuk.com
355,https://lp.tradingbrokerpro.com/pages/amz-bestinvesting-calc-en2
356,https://www.fxcryptomkts.co.uk/
357,https://trendsmacro.com/
358,https://www.t-revenue-group.uk
359,https://www.phoenixvehicleleasing.co.uk
360,https://www.index-review.com/
361,https://profitedge.online/
362,https://deltamarket.net
363,https://www.financialmarketassociates.com
364,https://nationalisareviewcentre.co.uk
365,https://cryptoassetmanagementlimited.com
366,https://fabcourt.co/
367,https://www.capitalfinancialservices.com
368,https://traderspros.com
369,https://phemex.com
370,https://www.cfdsmarket.com
371,https://www.bimfx24.com
372,https://www.fortraders.io
373,https://www.pro24fx.com
374,https://dolce500.com
375,https://lblv.com
376,https://www.unixbroker.com
377,https://supercontrol.co.uk/
378,https://www.any1pro.com
379,https://www.paragon-finance.co
380,https://www.24news.trade
381,https://www.budsfx.com
382,https://www.mymoneyexpert.com
383,https://www.forgeglobaluk.com
384,https://bestoverseaspropertyinvestments.com
385,https://topwealthbonds.com
386,https://compareinvestmentoptions.com
387,https://www.pibexa.com/
388,https://www.starkmarkets.com
389,https://www.inquot.com
390,https://www.tradebase24.com
391,https://www.easymoneyloan.co.uk
392,https://www.onlinemarketshare.com/
393,https://pensioncashsolutions.co.uk
394,https://gcginternational.com
395,https://www.goldver.com
396,https://capitalfunds.co
397,https://www.parker-prime.com
398,https://remaxima.com
399,https://egmfinance.com
400,https://www.uksavingssociety.com
401,https://royalgtx.com
402,http://www.local-bonds.com
403,https://www.investorguard.org
404,https://www.mottofx.com
405,https://royalsfx.co/
406,https://www.earnsured.com
407,https://www.comparefixedratebonds.co.uk
408,https://www.retireyoungfx.com
409,https://www.national-debt-helpline.org.uk
410,https://www.platinium-fund.com
411,https://www.toweroflondon-worldwide.com
412,https://www.sharefounders.com
413,https://www.blix-group.com
414,https://gigafx.com
415,https://jonesmutual.com
416,https://www.coin2fx.com
417,https://trade99.com
418,https://www.fxbtc.io
419,https://www.bitmex.com
420,https://unitedmarketscapital.com
421,https://bitcoinevolution.com
422,https://www.duxacapital.com
423,https://bonds-finder.com
424,https://www.traderswatch.org
425,https://www.agmarkets.io
426,http://www.directfixedincome.com
427,https://inovestments.com
428,https://www.gatocapitalpartners.com
429,https://bull-option.com
430,https://www.finixcapital.com
431,https://www.cashfxgroup.com
432, https://www.globalomcmarkets.com
433,https://www.outofdebts.co.uk
434,https://www.investmentchronicle.co.uk/short-term/property-bond/?gclid=EAIaIQobChMIrYSOiZDp4gIVBUTTCh19TgaxEAAYAiAAEgIzefD_BwE
435,https://www.huttonfieldcapitalpartners.com
436,https://www.investteck.net
437,https://www.fastcamel.co.uk
438,https://www.assetrecoverygroupinc.com
439,https://www.smartloans.co.uk
440,https://www.instagram.com/b1insurance/?hl=en
441,https://www.facebook.com/JMubezpieczeniaUK
442,https://www.instagram.com/instantinsurance_/?hl=en
443,http://www.ukfinancialmanagement.co.uk
444,https://www.instagram.com/deltacarinsurance
445,https://key-markets.com/
446, https://twitter.com/sergo22790589
447,http://www.providentbond.co.uk
448,https://www.instagram.com/mollyramm_/
449, https://www.algotech.net
450,http://www.nb-international.com
451,https://k2wallstreet.com/
452,https://www.instagram.com/glccarinsurance
453,https://markets-unlimited.com
454,http://efexcapital.com
455,https://www.cityglobaltrading.com
456,https://www.tradebnp.com
457,http://www.olimpfinance.com/
458, https://www.facebook.com/365Markets/
459, https://twitter.com/365marketscom
460,https://legaltrade.co.uk
461,https://www.lindmandgroup.com
462,http://www.ls-traders.com/#/
463,https://www.fx-leader.com
464,http://www.spot2trade.com/
465,https://www.fxgtrade.com
466, https://fxgtrade.com
467,https://www.cfdcorporate.com
468,http://www.censuscapitalgroup.com/
469,https://www.eu-capital.co
470,https://www.ftocapital.com/
471,https://www.comparison.co.uk
472,https://www.get-financial.com
473,https://www.becfd.com
474,https://www.cabbotlawgroup.com
475,http://solidcfd.com
476, http://revivecapitalgroup.com/
477,https://www.loan-store.co.uk
478,https://www.british-lenders.uk
479,https://en-gb.facebook.com/uride2/
480, https://www.instagram.com/_uride/
481,https://www.gc-vc.com
482,https://www.lawsonconsultancy.com
483,http://www.jazzonthehill.co.uk/
484,https://www.ukgrants.org.uk
485,https://www.rightcapitalpartners.com
486,https://www.metroloans.uk
487,http://asadiagpm.com
488,https://www.bancofx.com
489,http://exploremarkets.com
490,http://quickandeasyloanservice.com/
491,https://www.asiapacificltd.com
492,https://www.balquidder.com
493,https://www.badcredithistory.uk
494,http://protradefx.com
495,https://www.samsoncapitalgroup.com
496,https://www.happyfinancers.com
497,https://www.nexus-capital.com
498,https://www.amfx.com/
499,https://www.fox-capital.com
500,https://www.regulated-broker.com
501,http://carltonbrown.webs.com
502,https://cryptoconomist.biz
503,https://www.brittfinance.uk
504,http://zurichprime.com/
505,http://www.nightingaleuk.net
506,https://www.gmtmarkets.com
507,https://www.versima.co.uk
508,http://payinslices.com
509,https://www.westcapitalinc.com
510,https://www.crowncapitalmanagement.com
511,https://www.bcp.com
512,https://www.b2sforex.com
513,http://www.cash-lands.com
514, http://www.cashlands-uk.com
515,https://www.redbrookmotors.co.uk
516,https://www.cash-buddy.com
517,https://www.bestukloans.co.uk
518,http://www.esfx.co.uk/
519,https://www.ok-loans.co.uk
520,https://www.sellmyhousefast.biz
521,https://www.martindonnelly.org.uk
522,https://www.grandmeridianltd.com
523,https://www.mkrglobal.com
524,https://www.ajnelsonllc.com
525,https://www.directhome.co.uk
526,https://www.wiredmoney.net
527,http://bondbankgh.webcindario.com
528,http://www.fca.org.uk/news/warnings/regular-bank-plc
529,http://www.utbonline.net
530,https://www.overseastradebank.com
531,https://www.boc-co.com
532,https://barclay-bank.com/jsp/index.htm
533,https://www.kpr-associates.com
534,https://www.milestoneamg.com
535,https://www.miamiinternationalbank.com
536,https://www.lifetimevalue.com
537,https://www.acefin.com
538,https://www.trade4future.com
539,https://www.royalty7.com
540,https://www.property-freedom.com
541,https://www.premoney.com
542,https://www.m-s-global.com
543,https://www.sterlingfinanceltd.com
544,https://www.centexresources.com
545,https://www.churchilladvisory.com
546,https://www.pawealth.com
547,https://www.stifxonline.com
548,https://www.reynoldsfinance.com
549,https://www.heartfordcapital.com
550,https://www.e1am.com
551,https://www.blackwellcapital.com
552,https://www.heartfordcapital.com
553,https://www.hanover-associates.com
