,0
0,http://www.theaccessbankukltd.co.uk
1,http://www.adambank.com
2,http://www.adib.co.uk
3,http://www.aldermore.co.uk
4,http://www.allfunds.com/en
5,http://www.allfunds.com/en
6,http://www.aib.ie
7,http://www.alpha-bank.uk
8,http://www.alrayanbank.co.uk
9,http://www.anz.com/unitedkingdom/en/personal
10,http://www.arabbank.com
11,http://www.arbuthnotlatham.co.uk
12,http://www.lhv.co.uk
13,http://www.atombank.co.uk
14,http://www.anz.com/institutional/global/united-kingdom/en
15,http://www.axisbankuk.co.uk
16,http://www.bbvauk.com
17,http://www.bancosabadelluk.com/cs/Satellite/BancoSabadellUK
18,http://www.bb.com.br/pbb/pagina-inicial/atendimento/bb-no-mundo/banco-do-brasil-in-london
19,http://www.bangkokbank.com
20,http://www.bankingcircle.com
21,http://www.jsafrasarasin.com
22,http://www.bankleumi.co.uk
23,http://www.bofaml.com/content/boaml/en_us/contactus.html
24,http://www.bankofamerica.com
25,http://www.bankofbaroda.in
26,http://www.bankofbeirut.co.uk
27,http://www.bankofchina.com/uk
28,http://www.hkbea.com
29,http://www.bankofindia.co.in
30,http://www.bankofireland.com
31,http://www.blme.com
32,http://www.bmo.com/main/personal
33,http://www.bankofscotland.co.uk
34,http://www.bot.com.tw/english/pages/default.aspx
35,http://www.bpiexpressonline.com/p/0/165/bpi-europe
36,http://www.banksepah.co.uk
37,http://www.banquehavilland.com
38,http://www.banquetransatlantique.com
39,http://www.barclays.co.uk
40,http://www.bayernlb.com
41,http://www.bira.co.uk
42,http://www.banorientfrance.com/london
43,http://www.bnf.bank
44,http://www.bnpparibas.co.uk/en
45,http://www.bacb.co.uk
46,http://www.caceis.com/who-we-are/where-to-find-us/united-kingdom
47,http://www.byblosbank.com/about/international-presence/countries/united-kingdom
48,http://www.caceis.com/who-we-are/where-to-find-us/united-kingdom
49,http://www.cafonline.org/about-us/about-caf-bank
50,http://www.caixabank.co.uk
51,http://www.ccbank.co.uk
52,http://www.castletrust.co.uk
53,http://www.caterallen.co.uk
54,http://www.charitybank.org
55,http://www.chartercourtfs.co.uk
56,http://www.citicbank.com
57,http://www.hoaresbank.co.uk
58,http://www.cimb.com/en/who-we-are/our-presence/united-kingdom.html
59,http://www.citibank.co.uk
60,http://www.clear.bank
61,http://www.clearstream.com/clearstream-en/products-and-services/market-coverage/europe-non-t2s/united-kingdom
62,http://www.closebrothers.com
63,http://www.cbonline.co.uk
64,http://www.commerzbank.co.uk
65,http://www.rabobank.com
66,http://www.coutts.com
67,http://www.cynergybank.co.uk
68,http://www.danskebank.com
69,http://www.chetwood.co
70,http://www.db.com
71,http://www.eabplc.com
72,http://www.fbnbank.co.uk
73,http://www.fcebank.com
74,http://www.gatehousebank.com
75,http://www.goldmansachs.com
76,http://www.gtbankuk.com
77,http://www.gib.com
78,http://www.habibbank.com
79,http://www.habibbankuk.com
80,http://www.halifax.co.uk
81,http://www.htb.co.uk
82,http://www.hsbc.co.uk
83,http://www.hsbcprivatebank.com/en
84,http://www.icbclondon.com
85,http://www.icbcstandardbank.com
86,http://www.investec.co.uk
87,http://www.itau.com.br
88,http://www.jordanbank.co.uk
89,http://www.jpmorgan.com
90,http://www.koreaexim.go.kr/site/main/index013
91,http://www.kingdom.bank
92,http://www.kbfg.com/Eng
93,http://www.lloydsbank.com
94,http://www.macquarie.com/uk
95,http://www.mellibank.co.uk
96,http://www.mcafundingforchurches.co.uk
97,http://www.metrobankonline.co.uk
98,http://www.morganstanley.com/about-us/global-offices/united-kingdom
99,http://www.nbeuk.com
100,http://www.nbk.com
101,http://www.nomura.com
102,http://www.oaknorth.com
103,http://www.osb.co.uk
104,http://www.paragonbank.co.uk
105,http://www.pnb.com.ph/europe
106,http://www.postoffice.co.uk
107,http://www.pnbint.com
108,http://www.raphaelsbank.com
109,http://www.rathbones.com
110,http://www.rbs.com
111,http://www.sainsburysbank.co.uk
112,http://www.santander.co.uk
113,http://www.schroders.com/en
114,"http://www.scotiabank.com/global/en/0,,6182,00.html"
115,http://www.securetrustbank.com
116,http://www.privatebanking.societegenerale.co.uk/en
117,http://www.shawbrook.co.uk
118,http://www.smith.williamson.co.uk
119,http://www.sonali-bank.com
120,http://www.sc.com/uk
121,http://www.starlingbank.com
122,http://www.tandem.co.uk
123,http://www.tescobank.com
124,http://www.co-operativebank.co.uk
125,http://www.tsb.co.uk
126,http://www.turkishbank.co.uk
127,http://www.ubs.com/uk/en.html
128,http://www.unionbankuk.com
129,http://www.unionbankofindiauk.co.uk
130,http://www.ubluk.com
131,http://www.utbank.co.uk
132,http://www.unity.co.uk
133,http://www.vanquis.co.uk
134,http://www.vtbcapital.com
135,http://www.weatherbys.co.uk
136,http://www.westpac.com.au
137,http://www.wyelandsbank.co.uk
138,http://www.zenith-bank.co.uk
139,http://www.rcbbank.com/
140,http://www.rvfbank.com/
141,http://www.salin.com/
142,http://www.securityfed.com/
143,http://www.securityfed.com/
144,http://www.secfedbank.com/
145,http://www.sjcb.com/
146,http://www.starbank.com/
147,http://www.starfinancial.com/
148,http://www.bathstatebank.com/
149,http://www.campbellfetterbank.com/
150,http://www.thefarmersbank.com/
151,http://www.fnbport-frme.com/
152,http://www.fountaintrust.com/
153,http://www.friendshipstatebank.com/
154,http://www.nbofi.com/
155,http://www.rnbbank.com/
156,http://www.towerbank.net/tower/index.html
157,http://www.unionfed.com/
158,http://www.unitedcommercebank.com/
159,http://www.ufb-ffed.com/
160,http://www.ackleystatebank.com/
161,http://www.ambankqc.com/
162,http://www.am-bank.com/
163,http://www.amesbank.com/
164,http://www.audubonstatebank.com/
165,http://www.bankaltoona.com/
166,http://www.bankdenison.com/
167,http://www.bankiowabanks.com/
168,http://www.bankplusiowa.com/
169,http://www.bankerstrust.com/
170,http://www.bankiowa.com/
171,http://www.boonebankiowa.com/
172,http://www.centralbankfdic.com/
173,http://www.cbtiowa.com/
174,http://www.citsavbank.com/
175,http://www.citystatebank.com/
176,http://www.clearlakebank.com/
177,http://www.clintonnational.com/
178,http://www.communitybankonline.com/
179,http://www.communitybankiowa.com/
180,http://www.bankoelwein.com/
181,http://www.cfirst.com/
182,http://www.communityfirst.com/
183,http://www.cnb1.com/
184,http://www.csbiowa.com/
185,http://www.bankcsb.com/
186,http://www.crawfordcountybank.com/
187,http://www.cusb.com/
188,http://www.dewittbank.com/
189,http://www.decorahbank.com/
190,http://www.dubuquebank.com/
191,http://www.esbanks.com/
192,http://www.fmbankia.com/
193,http://www.farmerstrust.com/
194,http://www.fmbanktrust.com/
195,http://www.fmbankia.com/
196,http://www.fmsb4me.com/
197,http://www.fandmbankonline.com/
198,http://www.ftsbbancroft.com/
199,http://www.farmerssavingsbank.com/
200,http://www.fsb-traer.com/
201,http://www.fsb1879.com/
202,http://www.farmerstrust.com/
203,http://www.fidelity-bank.com/
204,http://www.firstcentralsb.com/
205,http://www.fhlbdm.com/
206,http://www.firstfederalbank.com/
207,http://www.ffsbank.com/
208,http://www.1stsecuritybank.com/
209,http://www.1stsecuritybank.com/
210,http://www.fssbonline.com/
211,http://www.ft-sb.com/
212,http://www.fortressbanks.com/
213,http://www.fcsb.net/
214,http://www.frontiersb.com/
215,http://www.glenwoodstatebank.com/
216,http://www.greatriverbank.com/
217,http://www.greenbeltbank.com/
218,http://www.gnbbank.com/
219,http://www.guaranty-bank.com/
220,http://www.gcsbank.com/
221,http://www.hamptonstate.com/
222,http://www.hardincsb.com/
223,http://plus.google.com/116431357542681810658/about?gl=us&hl=en
224,http://www.hedricksavingsbank.com/
225,http://www.hcbia.com/
226,http://www.hillsbank.com/
227,http://www.hsbankiowa.com/
228,http://www.houghton@houghtonstatebank.com/
229,http://www.bankhumboldt.com/
230,http://www.iowabank.net/
231,http://www.iowasavingsbank.com/
232,http://www.isbt.com/
233,http://www.issbank.com/
234,http://www.iowatrust.com/
235,http://www.itsb-iowa.com/
236,http://www.landmands.com/
237,http://www.mbtbank.com/
238,http://www.marioncountybank.com/
239,http://www.mhbank.com/
240,http://www.mountvernonbank.com/
241,http://www.newalbinsavingsbank.com/
242,http://www.northeastsecuritybank.com/
243,http://www.northwestbank.com/
244,http://www.northwestfederal.com/
245,http://www.northwestfederal.com/
246,http://www.nsbbank.com/
247,http://www.okeybank.com/
248,http://www.pagecountystatebank.com/
249,http://www.palosavingsbank.com/
250,http://www.peoplesnb.com/
251,http://www.pilotgrovesavingsbank.com/
252,http://www.pioneerbanks.com/
253,http://www.premierbanking.com/
254,http://www.primebank.com/
255,http://www.principal.com/
256,http://www.qcbt.com/
257,http://www.rvsbank.com/
258,http://www.securitybank-decorah.com/
259,http://www.snbonline.com/
260,http://www.ssbindee.com/
261,http://www.securitystate-bank.com/
262,http://www.securitystatebank.net/
263,http://www.stansgarbank.com/
264,http://www.statecentralbank.com/
265,http://www.banktsb.com/
266,http://www.citizensfnb.com/
267,http://www.cnbshen.com/
268,http://www.clintonnational.com/
269,http://www.emmetcountystatebank.com/
270,http://www.fnbakron.com/
271,http://www.fnbcedarfalls.com/
272,http://www.firstnational.com/site/personal/
273,http://www.gnbbank.com/
274,http://www.hometrustbank.com/
275,http://www.libertyvillesavingsbank.com/
276,http://www.snbonline.com/
277,http://www.scsbnet.com/
278,http://www.statebankspiritlake.com/
279,http://www.banktoledo.com/
280,http://watkinsbank.com/
281,http://www.tsbbank.com/
282,http://www.treynorstatebank.com/
283,http://www.union-bankrc.com/
284,http://www.ubtc.net/
285,http://www.unitedbk.com/
286,http://www.unitedcommunitybank.com/
287,http://www.uiccu.org/
288,http://www.bankatvalley.com/
289,http://walkerbank.com/
290,http://www.washsb.com/
291,http://www.webcityfed.com/
292,http://www.1stfinbank.com/
293,http://www.andoverstatebank.com/
294,http://www.afbank.com/
295,http://www.bankbv.com/
296,http://www.bankofkansas.com/
297,http://www.bbok.com/
298,http://www.inbox@bankhaven.com/
299,http://www.brotherhoodbank.com/
300,http://www.capcitybank.com/
301,http://www.capfed.com/
302,http://www.centralnational.com/
303,http://www.centerabank.com/
304,http://www.chisholmbank.com/
305,http://www.citizensstatebankpaola.com/
306,http://www.cbtks.com/
307,http://www.commercialbank.net/
308,http://www.columbianbank.com/index2.html
309,http://www.cfnbmanhattan.com/
310,http://www.communitynationalbank.net/
311,http://www.bankcommunitystate.com/
312,http://www.countryclubbank.com/
313,http://www.douglascountybank.com/
314,http://www.emprisebank.com/
315,http://www.fmbcolby.com/
316,http://www.embarqmail.com/index.php
317,http://www.fhlbtopeka.com/
318,http://www.firstbanknewton.com/
319,http://www.firstfederalsl.com/
320,http://www.bankhays.com/
321,http://www.fnbkansas.com/
322,http://www.fnbolathe.com/
323,http://www.firstnational.cc/
324,http://www.firstoptionbank.com/
325,http://www.firstbank1.com/
326,http://www.bankkansas.com/
327,http://www.firststateks.com/
328,http://www.frnb.com/
329,http://www.gardnernational.com/
330,http://www.guarantybankandtrust.com/
331,http://www.hillcrestbank.com/
332,http://www.homebank-trust.com/
333,http://hnbank.com/
334,http://www.industrialbankkck.com/
335,http://www.intrustbank.com/
336,http://www.kansasstatebank.com/
337,http://www.kansasstatebank.com/
338,http://www.kawvalleybank.com/
339,http://www.lcsb.net/
340,http://www.banklandmark.com/
341,http://www.lnbank.com/
342,http://www.legacy-bank.com/
343,http://www.lyonsfed.com/
344,http://www.mibank.com/
345,http://www.metcalfbank.com/
346,http://www.themissionbank.com/
347,http://www.mutualwave.com/
348,http://www.peoplesbankus.com/
349,http://www.peoplesbankonline.com/
350,http://www.peoplesbankcoldwater.com/
351,http://www.peoplesbanks.com/
352,http://www.securitybankkc.com/
353,http://www.securitybankkc.com/
354,http://www.ssbscott.com/
355,http://www.silverlakebank.com/
356,http://www.southwestnb.com/
357,http://www2.swedishamericanbank.com/
358,http://www.teambank-na.com/
359,http://www.columbianbank.com/
360,http://www.downsnational.com/
361,http://www.exchangefirst.com/
362,http://www.farmersandmerchants.com/
363,http://www.farmersnationalbank.com/
364,http://www.firstnational.cc/
365,http://www.fnbwellington.com/
366,http://www.fnbbeloit.com/
367,http://www.fnbolathe.com/
368,http://www.bankkansas.com/
369,http://www.gn-bank.com/
370,http://www.ksb-ottawa.com/
371,http://www.kawvalleybank.com/
372,http://www.lyndonstatebank.com/
373,http://www.midlandnb.com/
374,http://www.prairiestatebank.com/
375,http://www.securitystbank.com/
376,http://www.vparker@southwestnb.com/
377,http://www.stockgrowersbank.com/
378,http://www.twinlakesbank.com/
379,http://www.umb.com/
380,http://www.worldsavings.com/
381,http://www.worldsavings.com/
382,http://www.ambanking.com/
383,http://www.abcbank.com/
384,http://www.bankofbuffalo.com/
385,http://www.bankofclarkson.com/
386,http://www.bankofedmonson.com/
387,http://www.bankofhindman.com/
388,http://www.bankoflexington.net/
389,http://www.bankoflouisville.com/
390,http://www.bankofmccreary.com/
391,http://www.magnoliabank.com/
392,http://www.bankofmaysville.com/
393,http://www.bankone.com/
394,http://www.bbt.com/bbtdotcom/start.page
395,http://www.centralbank.com/
396,http://www.centralkyfsb.com/
397,http://www.centurybankky.com/
398,http://www.citizensbankjackson.com/
399,http://www.cdbt.com/
400,http://www.citizensfirstbank.com/
401,http://www.cnbonline.com/
402,http://www.cubbank.com/
403,http://www.commercialbankky.com/
404,http://www.cbandt.com/
405,http://www.cwcbank.com/
406,http://www.cvnb.com/
407,http://www.fbtrust.com/
408,http://www.farmersdeposit.com/
409,http://www.firstandfarmers.com/
410,http://www.firstandpeoplesbank.com/
411,http://www.firstbankky.com/
412,http://www.fcbok.com/
413,http://www.firstfarmersonline.com/
414,http://www.1stkentuckyexpress.com/
415,http://www.fnblondonky.com/
416,http://www.fnbgrayson.com/
417,http://www.firstsecurity.net/
418,http://www.fstb.com/
419,http://www.firststatebankky.com/
420,http://www.fbtco.com/
421,http://www.fultonbankonline.com/
422,http://www.gcdb.net/
423,http://www.homefederalbank.com/
424,http://www.1776bank.com/
425,http://www.kybank.com/
426,http://www.kbc123.com/
427,http://www.kybt.com/
428,http://www.kentuckynational.com/
429,http://www.ldb-ky.com/
430,http://www.lewisburgbank.com/
431,http://www.meadecountybank.com/
432,http://www.meadecountybank.com/
433,http://www.bankatmbc.com/
434,http://www.paducahbank.com/
435,http://www.parknationalbank.com/
436,http://www.pbibank.com/
437,http://www.peoplesbankky.com/
438,http://www.peoplesbankky.com/
439,http://www.peopleshazard.com/
440,http://www.pebank.com/
441,http://www.wkynet.com/PaducahNet/PeoplesFirst/default.html
442,http://www.peoplessecuritybank.com/
443,http://www.pioneerfederal.com/
444,http://www.rivercitybankky.com/
445,http://www.sfnb.com/
446,http://www.sctbank.com/
447,http://www.scb-bc.com/
448,http://www.scb-bc.com/
449,http://www.starbank.com/
450,http://www.syb.com/
451,http://www.taylorcountybank.com/
452,http://www.bankofky.com/
453,http://www.cnboflebanon.com/
454,http://www.cnbsomerset.com/
455,http://www.thefarmersbank-ky.com/
456,http://www.fbtrust.com/
457,http://www.fnbky.com/
458,http://www.fnblebanon.com/
459,http://www.fnbankky.com/
460,http://www.fcbok.com/
461,http://www.fnbgrayson.com/
462,http://www.bankatmbc.com/
463,http://www.paducahbank.com/
464,http://www.peoplesbankmtw.com/
465,http://www.pebank.com/
466,http://www.psbky.com/
467,http://www.theprogressivebank.com/
468,http://www.abcbank.com/
469,http://www.traditionalbank.com/
470,http://www.tricountynb.com/
471,http://www.usaccessbank.com/
472,http://www.westpointbank.com/
473,http://www.abbemae.com/
474,http://www.alliancebr.com/
475,http://www.americanbankandtrust.net/
476,http://www.asbank.com/asb-la/
477,http://www.americanbankandtrust.com/
478,http://www.amgb.com/
479,http://www.bankoferath.com/
480,http://www.bankoflouisiana.com/
481,http://www.bankofneworleans.net/
482,http://www.bankruston.com/
483,http://www.bsf.net/
484,http://www.sunsetbank.com/
485,http://www.bankofwinnfield.com/
486,http://www.bankofzachary.com/
487,http://www.bankone.com/
488,http://www.caldwellbankandtrust.com/
489,http://www.csbbanking.com/
490,http://www.citizensbankvp.com/
491,http://www.cbt.net/
492,http://www.clintonbankandtrust.com/
493,http://www.cbexpress.com/
494,http://www.cfirstbank.com/
495,http://www.concordiabank.com/
496,http://www.cottonportbank.com/
497,http://www.ckbonline.com/
498,http://www.dryadesbank.com/
499,http://www.exchange-bank.com/
500,http://www.fifthdistrict.com/
501,http://www.fabt.com/
502,http://www.fbtonline.com/
503,http://www.firstbankcard.com/
504,http://www.firstfedlc.com/
505,http://www.fgb.net/
506,http://www.f-n-bank.com/
507,http://www.fstunitedbank.com/
508,http://www.gotoguaranty.com/
509,http://www.gsha.com/
510,http://www.gcbank.com/
511,http://www.gulfbank.com/
512,http://www.hancockbank.com/
513,http://www.homesteadbank.com/
514,http://www.iberiabank.com/
515,http://landmarkbankla.portalvault.com/
516,http://www.lbabank.com/
517,http://www.libertybank.net/
518,http://www.libertybank.net/
519,http://www.mcbt.com/
520,http://www.merchantsandfarmers.com/
521,http://www.midsouthbank.com/
522,http://www.oibank.com/
523,http://www.parishnational.com/
524,http://www.peoplesstate.com/
525,http://www.diamondbullet.com/plaquemine/
526,http://www.progressivebank.com/
527,http://www.bankonnet.com/
528,http://www.redriverbank.net/
529,http://www.resourcebk.com/
530,http://www.richlandbank.net/
531,http://www.securityfirst.com/
532,http://www.simmesportstatebank.com/
533,http://www.stlandrybank.com/
534,http://www.bkofcommerce.com/
535,http://www.therealbank.com/
536,http://www.thehighlandsbank.net/
537,http://www.peoplesstate.com/
538,http://www.whitneybank.com/
539,http://www.androscogginbank.com/
540,http://www.yourhomebank.com/
541,http://www.bhbt.com/
542,http://www.bathsavings.com/
543,http://www.camdennational.com/
544,http://www.agate.net/~frstcitz/fcbhome.html
545,http://www.the1st.com/
546,http://www.fleet.com/
547,http://www.fsbme.com/
548,http://www.gorhamsavingsbank.com/
549,http://www.kennebecsavings.com/
550,http://www.machiassavings.com/
551,http://www.mechanicssavings.com/
552,http://www.mechanicssavings.com/
553,http://www.norwaysavingsbank.com/
554,http://www.oceannationalbank.com/
555,http://www.peoplesheritage.com/
556,http://www.peoples.com/peoples
557,http://www.sbsavings.com/
558,http://www.savingsbankofmaine.com/
559,http://www.skowsavings.com/
560,http://www.camdennational.com/
561,http://www.thefirst.com/
562,http://www.uniontrust.com/
563,http://www.unitedkingfield.com/
564,http://www.americanfsb.com/
565,http://www.americanfsb.com/
566,http://www.keyfin.com/atb/
567,http://www.mercantile.net/ab&t
568,http://www.andoverbank.com/
569,http://www.baltcosavings.com/
570,http://www.mercantile.net/baltotrust
571,http://www.thebankofglenburnie.com/
572,http://www.bankofoceancity.com/
573,http://www.mercantile.net/banksomd
574,http://www.bankannapolis.com/
575,http://www.bayvanguard.com/
576,http://www.bbt.com/bbtdotcom/start.page
577,http://www.mercantile.net/calvert/
578,http://www.taylorbank.com/
579,http://www.capbk.com/
580,http://www.carrollcountybank.com/
581,http://www.carrolltonbank.com/
582,http://www.centreville-nat-bank.com/
583,http://www.chesapeakefsl.com/
584,http://www.mercantile.net/chestertown
585,http://www.citizenssavingsbank.com/
586,http://www.colombobank.com/
587,http://www.commerce1st.com/
588,http://www.bankatcf.com/
589,http://www.mercantile.net/county/
590,http://www.mercantile.net/county
591,http://www.countyfirstbank.com/
592,http://www.countynational.com/
593,http://www.damascuscommbank.com/
594,http://www.easternsavingsbank.com/
595,http://www.eastonbankandtrust.com/
596,http://www.mercantile.net/eastville
597,http://www.efsb.com/
598,http://www.eqsb.com/
599,http://www.fmallegiance.com/
600,http://www.mercantile.net/f&m
601,http://www.fmbt.com/
602,http://www.fcbmd.com/
603,http://www.mercantile.net/fidelity
604,http://www.1stmarinerbank.com/
605,http://www.webgraphic.com/fnbsm/
606,http://www.mybankfirstunited.com/
607,http://www.mercantile.net/foresthill
608,http://www.mercantile.net/fredericktown/
609,http://www.hamiltonfsb.com/
610,http://www.harfordbank.com/
611,http://www.hebronsavingsbank.com/
612,http://www.homewoodfsb.com/
613,http://www.industrial-bank.com/
614,http://www.madbrad.com/
615,http://www.mdfed.com/
616,http://www.mercantile.net/
617,http://www.mercantile.net/
618,http://www.nbrs.com/
619,http://www.newwindsorbank.com/
620,http://www.obafederal.com/
621,http://www.patapscobank.com/
622,http://www.mercantile.net/peninsula/
623,http://www.mercantile.net/peoples
624,http://www.mercantile.net/potomacvalley/
625,http://www.provbank.com/
626,http://www.providentbankmd.com/
627,http://www.providentstatebank.com/
628,http://www.regalbank.com/
629,http://www.rosedalefederal.com/
630,http://www.ssnb.com/
631,http://www.sequoiabank.com/
632,http://www.severnbank.com/
633,http://www.mercantile.net/sparks
634,http://www.mercantile.net/stmichaels
635,http://www.susqbanc.com/
636,http://www.troweprice.com/
637,http://www.talbot-bank.com/
638,http://www.taylorbank.com/
639,http://www.mercantile.net/ab
640,http://www.thebankofglenburnie.com/
641,http://www.cnbmd.com/
642,http://www.mercantile.net/chestertown/
643,http://www.mercantile.net/citizens/
644,http://www.mercantile.net/fidelity/
645,http://www.mercantile.net/firstnatlstmarys/
646,http://www.mercantile.net/foresthill/
647,http://www.patapscobank.com/
648,http://www.mercantile.net/peoples/
649,http://www.queenstown-bank.com/
650,http://www.mercantile.net/sparks/
651,http://www.talbot-bank.com/
652,http://www.mercantile.net/
653,http://www.wvsb.com/
654,http://www.wilmingtontrust.com/
655,http://www.asianamericanbank.com/
656,http://www.avidiabank.com/
657,http://www.thebankofcanton.com/
658,http://www.bankoffallriver.com/
659,http://www.bankwmass.com/
660,http://www.banknorth.com/
661,http://www.baystatesavingsbank.com/
662,http://www.belmontsavings.com/
663,http://www.berkshirebank.com/
664,http://www.bostonprivatebank.com/
665,http://www.bridgewatersavings.com/
666,http://www.bristolcountysavings.com/
667,http://www.broadwaynationalbank.com/
668,http://www.brooklinesavings.com/
669,http://www.bbh.com/
670,http://www.cambridgesavings.com/
671,http://www.cambridgetrust.com/
672,http://www.capeannsavings.com/
673,http://www.capecodcoop.com/
674,http://www.capecodfive.com/
675,http://www.capitalcrossing.com/
676,http://www.century-bank.com/
677,http://www.charterbank.com/
678,http://www.chicopeesavings.com/
679,http://www.colonialfed.com/
680,http://www.bankatcommerce.com/
681,http://www.communitybank.com/
682,http://www.danverssavings.com/
683,http://www.deanbank.com/
684,http://www.dukescountysavingsbank.com/
685,http://www.ebsb.com/
686,http://www.ecsb.com/
687,http://www.easternbank.com/
688,http://www.bankesb.com/
689,http://www.edgartownnationalbank.com/
690,http://www.ebtc.com/
691,http://www.equitablebank.com/
692,http://www.everettbank.com/
693,http://www.fhlbboston.com/
694,http://www.firstessex.com/
695,http://www.firstfedamerica.com/
696,http://www.firstfederalsavings.com/
697,http://www.fnbi.com/
698,http://www.firstandocean.com/
699,http://www.ftub.com/
700,http://www.fsbfsb.com/
701,http://www.florencesavings.com/
702,http://www.foxfed.com/
703,http://www.bankframingham.com/
704,http://www.georgetownsb.com/
705,http://www.greenfieldcoopbank.com/
706,http://www.greenfieldsavings.com/
707,http://www.hampdenbank.com/
708,http://www.hometowncoop.com/
709,http://www.mountainonefinancialpartners.com/
710,http://www.hydeparkbank.com/
711,http://www.institutionforsavings.com/
712,http://www.ipswichcoopbank.com/
713,http://www.lafayettesavings.com/
714,http://www.libertybankandtrust.com/
715,http://www.mansfieldbankonline.com/
716,http://www.marblebank.com/
717,http://www.mvbank.com/
718,http://www.mayflowerbank.com/
719,http://www.mechanics-coop.com/
720,http://www.medfordbank.com/
721,http://www.bankatmercantile.com/
722,http://www.merrimacbank.com/
723,http://www.middlesexbank.com/
724,http://www.milfordnational.com/
725,http://www.monsonsavings.com/
726,http://www.mutualfederal.com/
727,http://www.nantucketbank.com/
728,http://www.natickfederal.com/
729,http://www.ngbank.com/
730,http://www.needhambank.com/
731,http://www.newburyportbank.com/
732,http://www.northeastonsavingsbank.com/
733,http://www.northshore-bank.com/
734,http://www.nbtc.com/
735,http://www.norwoodbank.com/
736,http://www.peoples.com/peoples
737,http://www.pilgrimco-op.com/
738,http://www.readingcoop.com/
739,http://www.rocklandtrust.com/
740,http://www.rockportnational.com/
741,http://www.salemfive.com/
742,http://www.saugusbank.com/
743,http://www.saversbank.com/
744,http://www.scituatefederal.com/
745,http://www.southcoastalbank.com/
746,http://www.sscbank.com/
747,http://www.sssb.com/
748,http://www.southbridgesavingsbank.com/
749,http://www.spencersavingsbank.com/
750,http://www.statestreet.com/
751,http://www.stonehambank.com/
752,http://www.stonesav.com/
753,http://www.stratabank.com/
754,http://www.thebankofcanton.com/
755,http://www.capecodfive.com/
756,http://www.communitybank.com/
757,http://www.edgartownnationalbank.com/
758,http://www.fnbi.com/
759,http://www.mvbank.com/
760,http://www.ngbank.com/
761,http://www.northamptoncoop.com/
762,http://www.pittsfield-coop.com/
763,http://www.rockportnational.com/
764,http://www.tsbawake24.com/
765,http://www.unibank.com/
766,http://www.bankatunited.com/
767,http://www.village-bank.com/
768,http://www.watertownsavings.com/
769,http://www.web5.com/
770,http://www.wellesleycoop.com/
771,http://www.williamstownsavings.com/
772,http://www.wcbonline.com/
773,http://www.winchestersavings.com/
774,http://www.walpolecoop.com/
775,http://www.woronoco.com/
776,http://www.wrenthamcoop.com/
777,http://www.alliance-bank.com/
778,http://www.annarborcommerce.com/
779,http://www.bankofannarbor.com/
780,http://www.baybank.org/
781,http://www.csbbank.com/
782,http://www.centralsavingsbank.com/
783,http://www.centurybt.com/
784,http://www.csbchx.com/
785,http://www.charter-bank.com/
786,http://www.chase.com/
787,http://www.choiceone.com/
788,http://www.mycommunitybank.com/
789,http://www.clarkstonstatebank.com/
790,http://www.communitycentralbank.com/
791,http://www.gotocsb.com/
792,http://www.countynationalbank.com/
793,http://www.crestmark.com/
794,http://www.csbbank.com/
795,http://www.farmerstatebank.com/
796,http://www.firstcb.com/
797,http://www.first-federal.com/
798,http://www.first-federal.com/
799,http://www.finb.com/
800,http://www.fmb.com/
801,http://www.fnbimk.com/
802,http://www.bankfnb.com/index.html/
803,http://www.fnbgaylord.com/
804,http://www.fnbsi.com/
805,http://www.foa.com/
806,http://www.thefsb.com/
807,http://www.1stsource.com/
808,http://www.grandbank.com/
809,http://www.hastingscitybank.com/
810,http://www.countynationalbank.com/
811,http://www.alamericabank.com/
812,http://www.bankhcb.com/
813,http://www.ibcp.com/
814,http://www.ibat.com/
815,http://www.jpmorgan.com/
816,http://www.kcsbank.com/
817,http://www.keystonebank.com/
818,http://www.macombcommunity.com/
819,http://www.marshallsavings.com/
820,http://www.mayvillestatebank.com/
821,http://www.bankmbank.com/
822,http://www.mercbank.com/
823,http://www.metrobanker.com/
824,http://www.miheritage.com/
825,http://www.capitolbancorp.com/
826,http://www.newcenturybank.net/
827,http://www.newlibertybank.com/
828,http://www.nmbank.com/
829,http://www.northstarathome.com/
830,http://www.nwsbt.com/
831,http://www.oaklandcommerce.com/
832,http://www.omnibank.com/
833,http://www.oxbc.com/
834,http://www.paragonbank.com/
835,http://www.portagecommerce.com/
836,http://www.republicbancorp.com/
837,http://www.selectbank.com/
838,http://www.shelbybank.com/
839,http://www.binance.com/
840,http://pro.coinbase.com/
841,http://www.kucoin.com/
842,http://www.bitstamp.net/
843,http://www.bitfinex.com/
844,http://www.okx.com/
845,http://gemini.com/
846,http://coincheck.com/
847,http://bitflyer.com/en-us/
848,http://gate.io/
849,http://www.binance.us/en
850,http://crypto.com/exchange
851,http://www.huobi.com/
852,http://www.bkex.com/
853,http://www.mexc.com/
854,http://www.lbank.info/
855,http://upbit.com/
856,http://www.korbit.co.kr/
857,http://bitmart.com/
858,http://bittrex.com/
859,http://www.probit.com/en-us/
860,http://www.trbinance.com/
861,http://coinsbit.io/
862,http://p2pb2b.com/
863,http://www.okcoin.com/
864,http://www.bitmex.com/
865,http://www.btcex.com/
866,http://poloniex.com/
867,http://pro.btcturk.com/
868,http://zaif.jp/
869,http://www.bitrue.com/
870,http://bitso.com/
871,http://www.pexpay.com/en
872,http://currency.com/
873,http://www.xt.com/
874,http://www.digifinex.com/
875,http://www.coinex.com/
876,http://www.coinw.com/
877,http://www.pionex.com/
878,http://www.tapbit.com/
879,http://azbit.com/exchange
880,http://phemex.com/
881,http://bitbank.cc/
882,http://www.luno.com/en/exchange
883,http://exmo.com/
884,http://www.bitforex.com/
885,http://pro.coinlist.co/
886,http://www.ascendex.com/
887,http://tidex.com/
888,http://www.b2bx.exchange/
889,http://indodax.com/
890,http://aave.com/
891,http://www.deepcoin.com/cmc
892,http://www.coinzoom.com/
893,http://www.bitpanda.com/en/pro
894,http://woo.org/
895,http://max.maicoin.com/
896,http://fmfw.io/
897,http://www.bit.com/
898,http://difx.com/market
899,http://latoken.com/
900,http://exchange.bitsten.com/
901,http://bitvavo.com/en
902,http://www.independentreserve.com/
903,http://www.biconomy.com/
904,http://localtrade.cc/
905,http://nominex.io/
906,http://www.tokocrypto.com/
907,http://app.power.trade/trade/spot/BTC-USD
908,http://www.coinstore.com/
909,http://www.indoex.io/
910,http://cryptology.com/
911,http://hitbtc.com/
912,http://dex-trade.com/
913,http://www.bitopro.com/
914,http://www.dcoin.com/
915,http://www.bitfront.me/
916,http://okcoin.jp/
917,http://www.btse.com/en/home
918,http://cex.io/
919,http://app.venus.io/
920,http://www.reku.id/
921,http://www.bitcoiva.com/markets
922,http://www.novadax.com.br/
923,http://www.delta.exchange/
924,http://foxbit.com.br/grafico-bitcoin/
925,http://www.bibox.com/
926,http://www.swft.pro/#/
927,http://wazirx.com/
928,http://polyx.net/
929,http://coinmetro.com/
930,http://bilaxy.com/
931,http://coinmate.io/
932,http://www.probit.kr/ko-kr/
933,http://satangcorp.com/exchange/
934,http://trade.mandala.exchange/
935,http://www.coinjar.com/
936,http://www.bitexen.com/
937,http://www.hotcoin.com/
938,http://www.altcointrader.co.za/
939,http://bitbns.com/
940,http://kuna.io/
941,http://www.huobi.co.jp/
942,http://www.bit4you.io/our-markets
943,http://www.cointiger.com/
944,http://exmarkets.com/
945,http://www.valr.com/
946,http://www.ace.io/home
947,http://www.zebpay.com/
948,http://coinut.com/
949,http://coindcx.com/
950,http://www.ztb.im/
951,http://koinbazar.com/
952,http://therocktrading.com/
953,http://www.nicehash.com/
954,http://kickex.com/
955,http://btc-alpha.com/
956,http://bullish.com/
957,http://www.bitazza.com/
958,http://www.paymium.com/
959,http://www.paybito.com/
960,http://stormgain.com/
961,http://pro.bit2me.com/
962,http://bitexlive.com/
963,http://emirex.com/
964,http://resfinex.com/
965,http://digitalexchange.id/market
966,http://www.bitvast.com/
967,http://www.unocoin.com/
968,http://www.giottus.com/tradeview
969,http://www.bitci.com/
970,http://www.catex.io/
971,http://omgfin.com/
972,http://www.litebit.eu/
973,http://www.coincorner.com/
974,http://www.btcbox.co.jp/
975,http://narkasa.com/
976,http://www.finexbox.com/
977,http://bitonic.nl/
978,http://www.bitcointrade.com.br/
979,http://globe.exchange/
980,http://c-patex.com/
981,http://timex.io/
982,http://trade.lykke.com/
983,http://bqtx.com/
984,http://www.jbex.com/exchange
985,http://www.klever.io/
986,http://zondaglobal.com/
987,http://www.chiliz.net/
988,http://bit.team/
989,http://blocktrade.com/
990,http://exchange.pointpay.io/
991,http://secondbtc.com/
992,http://pro.changelly.com/market-overview/overview
993,http://qtrade.io/
994,http://www.gdac.com/
995,http://alterdice.com/
996,http://trade.50x.com/
997,http://www.southxchange.com/
998,http://www.gopax.co.kr/
999,http://www.aprobit.com/
1000,http://www.aex.com/
1001,http://flybit.com/
1002,http://bitturk.com/
1003,http://yobit.net/
1004,http://www.beaxy.com/
1005,http://www.huobi.co.kr/
1006,http://bitstorage.finance/
1007,http://namebase.io/
1008,http://btc-trade.com.ua/
1009,http://www.exnomy.com/
1010,http://www.foblgate.com/
1011,http://xcalibra.com/
1012,http://www.bithash.net/
1013,http://graviex.net/
1014,http://www.ecxx.com/
1015,http://coindeal.com/
1016,http://koinim.com/
1017,http://www.bitglobal.com/
1018,http://bittylicious.com/
1019,http://bitubu.com/
1020,http://www.bitay.com/en
1021,http://www.coinfield.com/
1022,http://www.stex.com/
1023,http://www.coss.io/
1024,http://freiexchange.com/
1025,http://rudex.org/
1026,http://crex24.com/
1027,http://frontier.com/
1028,http://www.ameren.com/
1029,http://aibgb.co.uk/
1030,http://allfunds.com/en/
1031,http://aib.ie/group
1032,http://alphabanklondon.co.uk/
1033,http://www.lhv.ee/en
1034,http://ashmanbank.co.uk/
1035,http://www.bankingcircle.com/
1036,http://www.bancsabadell.com/cs/Satellite/SabAtl/Particulares/1191332204474/en/
1037,http://www.santander.com/en/home
1038,http://www.bankofireland.com/
1039,http://www.banquehavilland.com/
1040,http://www.bayernlb.com/internet/en/blb/resp/index.jsp
1041,http://www.bnf.bank/
1042,http://group.bnpparibas/en/
1043,http://securities.cib.bnpparibas/
1044,http://www.byblosbank.com/about/international-presence/countries/united-kingdom
1045,http://www.caceis.com/
1046,http://www.caixabank.com/en/home_en.html
1047,http://www.caterallen.co.uk/
1048,http://www.commerzbank.com/
1049,http://www.ca-cib.com/
1050,http://www.cynergybank.co.uk/
1051,http://www.ciclondon.com/
1052,http://danskebank.co.uk/personal
1053,http://country.db.com/uk/
1054,http://www.dzbank.com/
1055,http://www.elavon.co.uk/company/about-us.html
1056,http://www.erstegroup.com/en/home
1057,http://www.eurobankpb.lu/en/About-Us/Our-London-Branch
1058,http://www.fiinu.com/
1059,http://ikano.co.uk/
1060,http://www.ing.com/Home.htm
1061,http://group.intesasanpaolo.com/en/
1062,http://www.kbc.com/en.html
1063,http://www.lbbw.de/homepage/homepage_6kyjj4koh_e.html
1064,http://www.helaba.com/
1065,http://www.nbg.gr/en/individuals
1066,http://natixis.groupebpce.com/
1067,http://www.nordlb.de/
1068,http://www.nordea.com/en/investors/debt-and-rating/nordea-bank-abp
1069,http://danskebank.co.uk/personal
1070,http://www.pictet.com/uk/en/offices/luxembourg
1071,http://www.rabobank.com/en/locate-us/asia-pacific/india/cooperatieve-rabobank-ua.html
1072,http://www.rbcits.com/en/who-we-are/our-locations/contact-us-luxembourg.page
1073,http://www.santander.co.uk/
1074,http://www.kleinworthambros.com/en/
1075,http://sebgroup.com/about-us/our-business/our-locations/seb-in-the-united-kingdom
1076,http://www.societegenerale.co.uk/en/
1077,http://streambank.co.uk/
1078,http://www.bankofireland.com/about-bank-of-ireland/press-releases/2015/the-governor-and-company-of-the-bank-of-ireland-the-group-july/
1079,http://www.triodos.co.uk/
1080,http://www.tsb.co.uk/current-accounts/?WT.mc_id=43700055281585326&WT.srch=1&keyword=uk%20tsb%20bank&matchtype=e&adid=607495913165&cmp=the7stars_TSB_PCA_LONDON_NEWUSER_B_Bank_Exact&agrp=UK+TSB+Bank&eact=GOOGLE&ch=ppc&sch=brand&pf=pca&co=acq&gclid=Cj0KCQiA-JacBhC0ARIsAIxybyOcEmcVHoojeMSHBWIgh04qTIWhHyGnz-womPLzZLX67OFvat2_jAsaAkdmEALw_wcB&gclsrc=aw.ds
1081,http://www.turkishbank.co.uk/
1082,http://www.utbank.co.uk/
1083,http://www.westernunion.com/de/en/western-union-bank.html
1084,http://humanbees.com
1085,http://www.varomoney.com/
1086,http://getcasely.com
1087,http://swagup.com
1088,http://coldwatercap.com
1089,http://greenlightcard.com
1090,http://songtradr.com
1091,http://numerated.com
1092,http://thehydrojug.com
1093,http://globalalliantinc.com
1094,http://theverticalcollective.com
1095,http://lovellgov.com
1096,http://studio503.com
1097,http://sun-haven.com
1098,http://www.invisors.com/
1099,http://easternassets.com
1100,http://coinflip.tech
1101,http://pilot.com
1102,http://bolt.com
1103,http://kodatech.com
1104,http://gowellpath.com
1105,http://literati.com
1106,http://SIPSBY.com
1107,http://innovien.com
1108,http://rateforce.com
1109,http://alabasterco.com
1110,http://homestead-brands.com
1111,http://www.salesboomerang.com/
1112,http://attuneinsurance.com
1113,http://eversprout.com
1114,http://nmbnow.com
1115,http://pmconsultinggroupllc.com
1116,http://winningbydesign.com
1117,http://packedwithpurpose.gifts
1118,http://myperfectplants.com
1119,http://bluerose-consulting.com
1120,http://inspire11.com
1121,http://audley.io
1122,http://hangeronesafetyproducts.com
1123,http://windsorgroup-llc.com
1124,http://simplifyhomeloans.com
1125,http://objectivearea.com
1126,http://soapbox.co
1127,http://OneStepGPS.com
1128,http://karencoffey.com
1129,http://chomchomroller.com
1130,http://restorapet.com
1131,http://rzmask.com
1132,http://clothandpaper.com
1133,http://arteza.com
1134,http://www.fetchrewards.com
1135,http://centurioncg.com
1136,http://tribute.co
1137,http://kuoginc.com
1138,http://hydroviv.com
1139,http://roadsync.com
1140,http://shinemanagement.com
1141,http://markesman.com
1142,http://impyrian.com
1143,http://beyondmedshop.com
1144,http://statewidefundinginc.com
1145,http://award.co
1146,http://coreone.com
1147,http://throtl.com
1148,http://sunderstorm.com
1149,http://shefit.com
1150,http://emblemathletic.com
1151,http://batclubusa.com
1152,http://blackbear.tech
1153,http://ktg-llc.com
1154,http://embarkvet.com
1155,http://qloo.com
1156,http://me4kidz.com
1157,http://Caldwellip.com
1158,http://bitcoindepot.com
1159,http://cielowigle.com
1160,http://amperity.com
1161,http://diaconia.com
1162,http://premierhsllc.com
1163,http://nourishing.group
1164,http://swag.com
1165,http://mykitsch.com
1166,http://raincatcher.com
1167,http://sitation.com
1168,http://truity.com
1169,http://e78partners.com
1170,http://ManlyBands.com
1171,http://sedera.com
1172,http://crossrope.com
1173,http://broadleaf-inc.com
1174,http://getcallforce.com
1175,http://laballey.com
1176,http://teleties.com
1177,http://forceofnatureclean.com
1178,http://keystonefunding.com
1179,http://kechco.com
1180,http://kreativetech.com
1181,http://thepipelinegroup.io
1182,http://jsbminc.com
1183,http://stojo.co
1184,http://bellzi.com
1185,http://homecraftgutterprotection.com
1186,http://ad-hocresearch.com
1187,http://liteband.com
1188,http://threadwallets.com
1189,http://YENSA.com
1190,http://bodyfx.com
1191,http://WesleyFinancialGroup.com
1192,http://slumberkins.com
1193,http://leangroup.com
1194,http://Merchantprocessingpros.com
1195,http://pitviper.com
1196,http://odstrat.com
1197,http://upgrade.com
1198,http://pointsolutionsus.com
1199,http://Hemper.co
1200,http://moneyave.com
1201,http://smithpinktrucks.com
1202,http://princetonmortgage.com
1203,http://csrow.com
1204,http://spinnakerconsultinggroup.com
1205,http://gymreapers.com
1206,http://sigmoid.com
1207,http://handwrytten.com
1208,http://StratasCorp.com
1209,http://calculate.works
1210,http://essnova.com
1211,http://gochirp.com
1212,http://oozewholesale.com
1213,http://smartasset.com
1214,http://maverickpayments.com
1215,http://drupsventures.com
1216,http://gravislaw.com
1217,http://artkiveapp.com
1218,http://kingsgarden.com
1219,http://earthley.com
1220,http://kwikmtg.com
1221,http://sugarwish.com
1222,http://growlink.com
1223,http://meowijuana.com
1224,http://lagerlof.com
1225,http://teamhardbodycoaching.com
1226,http://remesh.ai
1227,http://socialcatfish.com
1228,http://taoclean.com
1229,http://lillybrush.com
1230,http://lovebugprobiotics.com
1231,http://pepperfoster.com
1232,http://refijet.com
1233,http://bluesummitsupplies.com
1234,http://amresyndicate.com
1235,http://paystand.com
1236,http://printwithme.com
1237,http://embroker.com
1238,http://oscedge.com
1239,http://enginehires.com
1240,http://amaz-usa.com
1241,http://Safely.com
1242,http://tapemanblue.com
1243,http://thevirtualsavvy.com
1244,http://lcinteriordesign.com
1245,http://crosscountrymortgage.com
1246,http://fusioninnovation.com
1247,http://timpsontraining.com
1248,http://bluebackglobal.com
1249,http://thebrandnetwork.com
1250,http://urbanhydration.com
1251,http://bloomsybox.com
1252,http://fedresources.com
1253,http://equitymultiple.com
1254,http://sanitaryfittings.us
1255,http://assured-consulting.com
1256,http://grypmat.com
1257,http://thepagecompany.com
1258,http://averoadvisors.com
1259,http://ipromo.com
1260,http://airprosusa.com
1261,http://eosera.com
1262,http://rockyquote.com
1263,http://SwoocGames.com
1264,http://solutionsae.com
1265,http://livefeather.com
1266,http://centricadvisor.com
1267,http://cadencecounsel.com
1268,http://aptiveresources.com
1269,http://theguarantors.com
1270,http://unacast.com
1271,http://lendingheights.com
1272,http://neighborhoodloans.com
1273,http://divvyupsocks.com
1274,http://voltagecoffeesupply.com
1275,http://inspireinvesting.com
1276,http://roycegeo.com
1277,http://giantmouse.com
1278,http://arcticfoxhaircolor.com
1279,http://adaptalogix.com
1280,http://midwaystaffing.com
1281,http://nationwidepharmaceutical.com
1282,http://oakdalegroup.com
1283,http://humaninterest.com
1284,http://boobiesuperfoods.com
1285,http://lucidservicesgroup.com
1286,http://rocketreach.co
1287,http://embarkwithus.com
1288,http://gathre.com
1289,http://ORSA.CO
1290,http://rwmloans.com
1291,http://sockfancy.com
1292,http://paymentcloudinc.com
1293,http://simpletexting.com
1294,http://rebelgreen.com
1295,http://vfp-consulting.com
1296,http://thecabanagroup.com
1297,http://deservecards.com
1298,http://catalystcr.com
1299,http://ourfriendlyforest.com
1300,http://getweave.com
1301,http://soulku.com
1302,http://helloseven.co
1303,http://repfitness.com
1304,http://adapex.io
1305,http://tier4group.com
1306,http://fundrise.com
1307,http://encompasspet.com
1308,http://kahanafeld.com
1309,http://remotereps.com
1310,http://recoupfitness.com
1311,http://delunecorp.com
1312,http://Clarity-Retail.com
1313,http://STSFED.com
1314,http://positivepsyche.biz
1315,http://Vegamour.com
1316,http://mwjones.com/
1317,http://wellrithms.com
1318,http://effectuspartners.com
1319,http://cloudtask.com
1320,http://parkstatebank.com
1321,http://religroupinc.com
1322,http://flipelectronics.com
1323,http://msmtechinc.com
1324,http://piano.io
1325,http://hometradeusa.com
1326,http://peaksupport.io
1327,http://rapsodo.com
1328,http://iiimpact.io
1329,http://capitaldude.com
1330,http://masegoinc.com
1331,http://theohmstore.co
1332,http://pushpress.com
1333,http://climbcredit.com
1334,http://pacificpointcorp.com
1335,http://disqo.com
1336,http://unibellfinancial.com
1337,http://strong.io
1338,http://goumikids.com
1339,http://bodyhealth.com
1340,http://HSGsigns.com
1341,http://biglakeslawncare.com
1342,http://toorakcapital.com
1343,http://impresivhealth.com
1344,http://zennify.com
1345,http://cuddleclones.com
1346,http://mauibath.com
1347,http://v3gate.com
1348,http://woombikes.com
1349,http://sunriseirrigationandsprinklers.com
1350,http://salesloft.com/
1351,http://supportninja.com
1352,http://waterfrontproforma.com
1353,http://fountainheadcc.com
1354,http://urbanft.com
1355,http://7thlevelhq.com
1356,http://www.samuelhale.com
1357,http://Fastektax.com
1358,http://choicemerchantsolutions.com
1359,http://apollo-insurance.com
1360,http://MixtSolutions.com
1361,http://russellmarineproducts.com
1362,http://dv01.co
1363,http://signgypsies.com
1364,http://changestaffing.com
1365,http://stretchlab.com
1366,http://westernbud.com
1367,http://futuretodayinstitute.com
1368,http://sheathunderwear.com
1369,http://insurify.com
1370,http://ddiwork.com
1371,http://slgmortgage.com
1372,http://garagemanstore.com
1373,http://invibe.co
1374,http://intellibridge.us
1375,http://prymepay.com
1376,http://sundaycool.com
1377,http://periwrap.com
1378,http://copperpearl.com
1379,http://rethinkcompliance.com
1380,http://oppfi.com
1381,http://MiCamp.com.
1382,http://prouduct.com
1383,http://blakewillsongroup.com
1384,http://therowhouse.com
1385,http://seismic.com/
1386,http://manhattanhomedesign.com
1387,http://BGS-LLC.com
1388,http://globalpostauditing.com
1389,http://glideplatform.com
1390,http://solutions.co
1391,http://govenda.com
1392,http://splendies.com
1393,http://zogics.com
1394,http://torklaw.com
1395,http://topdrawermerch.com
1396,http://payrix.com
1397,http://cultivateadvisors.com
1398,http://houndsbay.com
1399,http://itouchless.com
1400,http://worldinsurance.com
1401,http://monstertreeservice.com
1402,http://ettitude.com
1403,http://savilinx.com
1404,http://thefirmadv.com
1405,http://topspeedgolf.com
1406,http://stoneglacier.com
1407,http://unifiservice.com
1408,http://pptsolutions.com
1409,http://tigeranalytics.com
1410,http://bixal.com
1411,http://nuwestgroup.com
1412,http://xeroshoes.com
1413,http://incauthority.com
1414,http://directmortgageloans.com
1415,http://thrivefinancialservices.com
1416,http://marketbeat.com
1417,http://glsauto.com
1418,http://callcenter-salespro.com
1419,http://ledgeloungers.com
1420,http://nomadgoods.com
1421,http://WorkGlovesDepot.com
1422,http://hc-animal-health.com
1423,http://connatix.com
1424,http://chefman.com
1425,http://feinternational.com
1426,http://RxEBATE.com
1427,http://newrocket.com
1428,http://thespanishgroup.org
1429,http://reliancepartners.com
1430,http://cygn.al
1431,http://highlandsmortgage.com
1432,http://spirecollective.com
1433,http://phdfemininehealth.com
1434,http://whisker.com
1435,http://solarreviews.com
1436,http://RFSmortgage.com
1437,http://ammex.com
1438,http://cintel-inc.com
1439,http://rightkeymortgage.com
1440,http://crosslaketech.com
1441,http://msfg.us
1442,http://apvit.com
1443,http://thehobsonlawfirm.com
1444,http://QS-2.com
1445,http://proforma.com
1446,http://empiretaxusa.com
1447,http://ardent-eagle.com
1448,http://createmycookbook.com
1449,http://actioncleanup.com
1450,http://builtin.com
1451,http://reliantapproval.com
1452,http://unity-connect.com
1453,http://zinniawealth.com
1454,http://88tactical.com
1455,http://healthmark-group.com
1456,http://www.pandadoc.com/
1457,http://medicalbreakthrough.com
1458,http://traderphd.com
1459,http://sunstoneinvestment.com
1460,http://fenexconsulting.com
1461,http://freestyleusa.com
1462,http://brillient.net
1463,http://bounteous.com
1464,http://cs-hudson.com
1465,http://analyticalwizards.com
1466,http://floridaoneinsurance.com
1467,http://lendingpoint.com
1468,http://tworoadsconsulting.com
1469,http://Powertec.com
1470,http://wallflowermerch.com
1471,http://foresightwealth.com
1472,http://thestanleylawgroup.com
1473,http://ScaleMedia.Com
1474,http://goFCM.com
1475,http://puracy.com
1476,http://mediaagility.com
1477,http://bizzellcorp.com
1478,http://fcpeuro.com
1479,http://truechoicepack.com
1480,http://PremiereBookGroup.com
1481,http://breakwatercorp.com
1482,http://invictusic.com
1483,http://conservairrigation.com
1484,http://fox-pest.com
1485,http://opusregulatory.com
1486,http://accountfully.com
1487,http://neaterpets.com
1488,http://dwbhcorp.com
1489,http://singlesswag.com
1490,http://innowavemarketing.com
1491,http://freedomssi.com
1492,http://iipay.com
1493,http://towercapllc.com
1494,http://proforma.com
1495,http://glamseamless.com
1496,http://cuengage.com
1497,http://ampunited.com
1498,http://gravityitresources.com
1499,http://simplelivingsolutions.com
1500,http://getinsite.io
1501,http://leonardauction.com
1502,http://bushwickkitchen.com
1503,http://pyebarkerfire.com
1504,http://getcleartouch.com
1505,http://advisorsmortgage.com
1506,http://sparkleandsplash.com
1507,http://health1nsurance.com
1508,http://ember.com
1509,http://beanbox.com
1510,http://radiantplumbing.com
1511,http://technologyadvice.com
1512,http://evagarland.com
1513,http://consciousstep.com
1514,http://intellezy.com
1515,http://rs21.io
1516,http://CarSaver.com
1517,http://index-analytics.com
1518,http://superfriendlydesign.systems
1519,http://fieldprosdirect.com
1520,http://pbmgi.com
1521,http://LHAGear.com
1522,http://bpmlinks.com
1523,http://blingsauce.com
1524,http://consolidatedanalytics.com
1525,http://allcloud.io
1526,http://afncorp.com
1527,http://umloans.com
1528,http://jlab.com
1529,http://assuresource.com
1530,http://seventhsenseconsulting.com
1531,http://www.bellator.com/
1532,http://clearconnectco.com
1533,http://illinoisgaragedoorrepair.com
1534,http://paw.com
1535,http://fultonandroark.com
1536,http://waybasics.com
1537,http://applied-dev.com/
1538,http://theintellektgroup.com/
1539,http://groundfloor.com/
1540,http://cloutfitness.com/
1541,http://aimpointresearch.com/
1542,http://imaginexconsulting.com/
1543,http://link-cs.com/
1544,http://hostmerchantservices.com/
1545,http://liquipel.com/
1546,http://teambstrategy.com/
1547,http://acceleratedgrowth.com/
1548,http://carevalue.com/
1549,http://eliteauthors.com/
1550,http://escali.com/
1551,http://newamericanfunding.com/
1552,http://infotrust.com/
1553,http://virtualchiefofstaff.com/
1554,http://pcsretirement.com/
1555,http://boteboard.com/
1556,http://mipod.com/
1557,http://petermanhvac.com/
1558,http://synergylabs.com/
1559,http://corporatetaxadvisors.com/
1560,http://trademarkengine.com/
1561,http://lidoadvisors.com/
1562,http://onetrusthomeloans.com/
1563,http://hackinglawpractice.com/
1564,http://tdtgroup.net/
1565,http://letstrainonline.com/
1566,http://mckeansmithlaw.com/
1567,http://peddle.com/
1568,http://omgroupinc.us/
1569,http://usa-mortgage.com/
1570,http://penbaymedia.com/
1571,http://firerover.com/
1572,http://clearplanconsulting.com/
1573,http://resolutecommercial.com/
1574,http://theorem.co/
1575,http://virtuecm.com/
1576,http://triagestaff.com/
1577,http://blinkux.com/
1578,http://ettaingroup.com/
1579,http://embarksafety.com/
1580,http://smcinc500.com/
1581,http://bankershealthcaregroup.com/
1582,http://tremblylaw.com/
1583,http://libertycompany.com/
1584,http://novaemoney.com/
1585,http://thecamelexpress.com/
1586,http://infolink-exp.com/
1587,http://simtechinc.com/
1588,http://airslate.com/
1589,http://snailworks.com/
1590,http://funsize.co/
1591,http://the-tax-coach.com/
1592,http://callrail.com/
1593,http://alignimpact.com/
1594,http://ecolips.com/
1595,http://avtex.com/
1596,http://veritasprime.com/
1597,http://greencastleconsulting.com/
1598,http://tworoadsco.com/
1599,http://riskstrategies.com/
1600,http://itechag.com/
1601,http://alphaomegaintegration.com/
1602,http://ib3global.com/
1603,http://patriotpoolandspa.com/
1604,http://adeptusasi.com/
1605,http://bullhidebelts.com/
1606,http://brydge.com/
1607,http://p3pkg.com/
1608,http://executiveairbornesolutions.com/
1609,http://medevoke.com/
1610,http://365retailmarkets.com/
1611,http://icheckgateway.com/
1612,http://fundandgrow.com/
1613,http://kanopi.com/
1614,http://portagepointpartners.com/
1615,http://mortgagedepot.com/
1616,http://itveterans.com/
1617,http://criticallaser.com/
1618,http://ironsideig.com/
1619,http://disabilityplanners.com/
1620,http://generalmat.com/
1621,http://awkwardstyles.com/
1622,http://healthcare.com/
1623,http://1800gotjunk.com/
1624,http://eigenx.com/
1625,http://empireflippers.com/
1626,http://admortgage.com/
1627,http://diamondbanc.com/
1628,http://juniper-design.com/
1629,http://brandelevate.com/
1630,http://gethisi.com/
1631,http://impendianalytics.com/
1632,http://underbelly.is/
1633,http://mtrustcompany.com/
1634,http://watchgang.com/
1635,http://pulsarpaper.com/
1636,http://tredence.com/
1637,http://tsmlending.com/
1638,http://familyfirstfirm.com/
1639,http://moresurfacecare.com/
1640,http://summitleadership.com/
1641,http://makespace.com/
1642,http://fullyaccountable.com/
1643,http://autotality.com/
1644,http://lazoholdings.com/
1645,http://swdgroup.com/
1646,http://salesxceleration.com/
1647,http://asec3.com/
1648,http://expresswashconcepts.com/
1649,http://groupvertical.com/
1650,http://fidellaplus.com/
1651,http://pestforcepestcontrol.com/
1652,http://buffalogames.com/
1653,http://nrlmortgage.com/
1654,http://a1garage.com/
1655,http://gg-insurance.com/
1656,http://elitepropainting.com/
1657,http://senb.com/
1658,http://vantagepointsoftware.com/
1659,http://liquidbottles.com/
1660,http://helpware.com/
1661,http://katzcapital.com/
1662,http://insideaoa.com/
1663,http://darkbladesystems.com/
1664,http://ctstruenorth.com/
1665,http://hilbgroup.com/
1666,http://petassure.com/
1667,http://uncs.com/
1668,http://hivestyle.com/
1669,http://aduroadvisors.com/
1670,http://trinitylifesciences.com/
1671,http://lentechinc.com/
1672,http://op2labs.com/
1673,http://fedwriters.com/
1674,http://thinairbrands.com/
1675,http://r2c-inc.com/
1676,http://vipdesk.com/
1677,http://belaysolutions.com/
1678,http://nwtrustee.com/
1679,http://orion-gs.com/
1680,http://pirscapital.com/
1681,http://newlawbusinessmodel.com/
1682,http://www.flatrivergroup.com/
1683,http://inprimelegal.com/
1684,http://spigglelaw.com/
1685,http://isupportworldwide.com/
1686,http://teklaresearch.com/
1687,http://michaelshannonconsulting.com/
1688,http://bachrachgroup.com/
1689,http://vectorsolutions.us/
1690,http://salesempowermentgroup.com/
1691,http://pxg.com/
1692,http://grecopromotions.com/
1693,http://advictoriamsolutions.com/
1694,http://environmentcontrol.com/
1695,http://marketgauge.com/
1696,http://centraldiligencegroup.com/
1697,http://conseroglobal.com/
1698,http://civilityms.com/
1699,http://avmacllc.com/
1700,http://topflitefinancial.com/
1701,http://prialto.com/
1702,http://americanflat.com/
1703,http://paydaypayroll.com/
1704,http://wrenchgroup.com/
1705,http://trility.io/
1706,http://amerifirst.com/
1707,http://lensdirect.com/
1708,http://westportgp.com/
1709,http://title-smart.com/
1710,http://firesprint.com/
1711,http://collegehunkshaulingjunk.com/
1712,http://connexintl.com/
1713,http://davisbusinesslaw.com/
1714,http://nationslending.com/
1715,http://wymac.com/
1716,http://affinipay.com/
1717,http://healthfuse.com/
1718,http://nav.com/
1719,http://govtact.com/
1720,http://pbirx.com/
1721,http://cambriasolutions.com/
1722,http://540.co/
1723,http://emergentmethod.com/
1724,http://uxreactor.com/
1725,http://debtmerica.com/
1726,http://directviz.com/
1727,http://www.walmart.com/
1728,http://www.apple.com/
1729,http://www.cvshealth.com/
1730,http://www.unitedhealthgroup.com/
1731,http://corporate.exxonmobil.com/
1732,http://abc.xyz/
1733,http://www.mckesson.com/
1734,http://www.amerisourcebergen.com/
1735,http://www.cigna.com/
1736,http://www.att.com/
1737,http://www.microsoft.com/en-in
1738,http://www.chevron.com/
1739,http://www.walgreensbootsalliance.com/
1740,http://www.elevancehealth.com/
1741,http://www.ford.com/
1742,http://www.jpmorganchase.com/
1743,http://www.gm.com/
1744,http://www.centene.com/
1745,http://about.facebook.com/
1746,http://www.phillips66.com/
1747,http://www.valero.com/
1748,http://www.dell.com/en-in
1749,http://www.target.com/
1750,http://www.fanniemae.com/
1751,http://www.ups.com/
1752,http://www.bankofamerica.com/
1753,http://www.jnj.com/
1754,http://www.fedex.com/
1755,http://www.wellsfargo.com/
1756,http://www.pfizer.com/
1757,http://www.citigroup.com/
1758,http://www.ge.com/
1759,http://www.ibm.com/
1760,http://www.metlife.com/
1761,http://www.prudential.com/
1762,http://thewaltdisneycompany.com/
1763,http://www.energytransfer.com/
1764,http://www.lockheedmartin.com/
1765,http://www.freddiemac.com/
1766,http://www.goldmansachs.com/
1767,http://www.hp.com/
1768,http://www.boeing.com/
1769,http://www.morganstanley.com/
1770,http://www.abbvie.com/
1771,http://www.abbvie.com/
1772,http://www.dow.com/
1773,http://www.tesla.com/
1774,http://www.allstate.com/
1775,http://www.aig.com/
1776,http://corporate.charter.com/
1777,http://www.sysco.com/
1778,http://www.merck.com/
1779,http://www.newyorklife.com/
1780,http://www.cisco.com/
1781,http://www.tjx.com/
1782,http://www.publix.com/
1783,http://www.conocophillips.com/
1784,http://www.libertymutualgroup.com/
1785,http://www.nationwide.com/
1786,http://www.tysonfoods.com/
1787,http://www.bms.com/
1788,http://www.nike.com/
1789,http://www.deere.com/
1790,http://www.americanexpress.com/
1791,http://www.abbott.com/
1792,http://www.plains.com/
1793,http://www.enterpriseproducts.com/
1794,http://www.tiaa.org/
1795,http://www.oracle.com/
1796,http://www.thermofisher.com/
1797,http://www.coca-colacompany.com/
1798,http://www.gd.com/
1799,http://www.chsinc.com/
1800,http://www.usaa.com/
1801,http://www.northwesternmutual.com/
1802,http://www.exeloncorp.com/
1803,http://www.northropgrumman.com/
1804,http://www.travelers.com/
1805,http://www.honeywell.com/
1806,http://www.dollargeneral.com/
1807,http://www.qualcomm.com/
1808,http://www.capitalone.com/
1809,http://www.tdsynnex.com/
1810,http://www.pmi.com/
1811,http://www.wfscorp.com/
1812,http://www.pfgc.com/
1813,http://www.netflix.com/
1814,http://www.paramount.com/
1815,http://www.usfoods.com/
1816,http://www.jabil.com/
1817,http://www.starbucks.com/
1818,http://www.mondelezinternational.com/
1819,http://www.lilly.com/
1820,http://www.drhorton.com/
1821,http://www.molinahealthcare.com/
1822,http://www.micron.com/
1823,http://www.broadcom.com/
1824,http://www.gilead.com/
1825,http://www.pbfenergy.com/
1826,http://www.lennar.com/
1827,http://www.unfi.com/
1828,http://www.nrg.com/
1829,http://www.nvidia.com/
1830,http://www.oxy.com/
1831,http://www.salesforce.com/
1832,http://www.dollartree.com/
1833,http://www.kkr.com/
1834,http://www.kraftheinzcompany.com/
1835,http://www.amgen.com/
1836,http://www.autonation.com/
1837,http://www.penskeautomotive.com/
1838,http://www.paypal.com/
1839,http://ir.united.com/
1840,http://www.visa.com/
1841,http://www.cummins.com/
1842,http://www.usbank.com/
1843,http://www.paccar.com/
1844,http://www.mcdonalds.com/
1845,http://www.southernrailway.com/
1846,http://www.chrobinson.com/
1847,http://www.truist.com/
1848,http://www.appliedmaterials.com/
1849,http://www.fcx.com/
1850,http://www.lithia.com/
1851,http://www.blackstone.com/
1852,http://www.aflac.com/
1853,http://www.whirlpoolindia.com/
1854,http://www.up.com/
1855,http://www.internationalpaper.com/
1856,http://www.cdw.com/
1857,http://www.manpowergroup.com/
1858,http://www.corporate.carrier.com/
1859,http://www.bakerhughes.com/
1860,http://www.clevelandcliffs.com/
1861,http://www.ussteel.com/
1862,http://www.bd.com/
1863,http://www.sherwin-williams.com/
1864,http://www.bldr.com/
1865,http://www.marsh.com/
1866,http://www.lumen.com/
1867,http://www.avnet.com/
1868,http://www.tenethealth.com/
1869,http://www.kimberly-clark.com/
1870,http://www.kohls.com/
1871,http://www.blackrock.com/
1872,http://www.us.jll.com/
1873,http://www.lear.com/
1874,http://www.lincolnfinancial.com/
1875,http://www.schwab.com/
1876,http://www.mastercard.us/
1877,http://www.genpt.com/
1878,http://www.westrock.com/
1879,http://www.eogresources.com/
1880,http://www.cognizant.com/
1881,http://www.modernatx.com/
1882,http://www.hfsinclair.com/
1883,http://www.ti.com/
1884,http://www.wesco.com/
1885,http://www.generalmills.com/
1886,http://www.tenneco.com/
1887,http://gwcnweb.org/
1888,http://www.viatris.com/
1889,http://www.l3harris.com/
1890,http://dxc.com/
1891,http://www.block.xyz/
1892,http://www.goodyear.com/
1893,http://www.colgatepalmolive.com/
1894,http://www.stanleyblackanddecker.com/
1895,http://www.dupont.com/
1896,http://www.stryker.com/
1897,http://www.nexteraenergy.com/
1898,http://www.targaresources.com/
1899,http://www.westerndigital.com/
1900,http://www.ppg.com/
1901,http://www.aep.com/
1902,http://www.gap.com/
1903,http://www.rgare.com/
1904,http://www.kindermorgan.com/
1905,http://www.oneok.com/
1906,http://www.expeditors.com/
1907,http://www.fiserv.com/
1908,http://www.bnymellon.com/
1909,http://www.labcorp.com/
1910,http://www.regeneron.com/
1911,http://www.landolakesinc.com/
1912,http://www.cheniere.com/
1913,http://www.southwest.com/
1914,http://www.corteva.com/
1915,http://fnf.com/
1916,http://www.halliburton.com/
1917,http://www.adp.com/
1918,http://www.edison.com/
1919,http://www.borgwarner.com/
1920,http://www.nordstrom.com/
1921,http://loews.com/
1922,http://www.guardianlife.com/
1923,http://www.pxd.com/
1924,http://www.itw.com/
1925,http://www.otis.com/
1926,http://www.principal.com/
1927,http://www.dominionenergy.com/
1928,http://www.fluor.com/
1929,http://aecom.com/
1930,http://www.rsac.com/
1931,http://www.jacobs.com/
1932,http://www.corning.com/
1933,http://www.qurateretailgroup.com/
1934,http://www.pacificlife.com/
1935,http://www.pultegroupinc.com/
1936,http://www.fisglobal.com/
1937,http://www.iqvia.com/
1938,http://www.marriott.com/
1939,http://www.ball.com/
1940,http://www.group1auto.com/
1941,http://www.leidos.com/
1942,http://www.wayfair.com/
1943,http://www.coned.com/
1944,http://www.ameriprise.com/
1945,http://my.xcelenergy.com/
1946,http://www.oreillyauto.com/
1947,http://www.discover.com/
1948,http://www.rocketcompanies.com/
1949,http://www.crowncork.com/
1950,http://www.foxnews.com/
1951,http://www.markel.com/
1952,http://www.xpo.com/
1953,http://www.baxter.com/
1954,http://www.keurigdrpepper.com/
1955,http://uhs.com/
1956,http://www.csx.com/
1957,http://www.henryschein.com/
1958,http://www.sonicautomotive.com/
1959,http://www.ebay.com/
1960,http://www.textron.com/
1961,http://www.edwardjones.com/
1962,http://www.chs.net/
1963,http://www.mosaicco.com/
1964,http://www.thorindustries.com/
1965,http://newmont.com/
1966,http://www.devonenergy.com/
1967,http://www.jbhunt.com/
1968,http://www.aramark.com/
1969,http://www.vistra.com/
1970,http://www.statestreet.com/
1971,http://www.unum.com/
1972,http://www.alleghany.com/
1973,http://www.bostonscientific.com/
1974,http://www.westlake.com/
1975,http://www.entergy.com/
1976,http://www.davita.com/
1977,http://www.mutualofomaha.com/
1978,http://www.libertymedia.com/
1979,http://www.libertymedia.com/
1980,http://www.hormelfoods.com/
1981,http://www.ielp.com/
1982,http://mohawkind.com/
1983,http://www.conagrabrands.com/
1984,http://www.nscorp.com/
1985,http://www.aes.com/
1986,http://www.agcocorp.com/
1987,http://www.caesars.com/
1988,http://equitableholdings.com/
1989,http://www.biogen.com/
1990,http://firstenergycorp.com//
1991,http://www.dcpmidstream.com/
1992,http://firstenergycorp.com/
1993,http://www.williamsf1.com/
1994,http://www.newellbrands.com/
1995,http://www.eastman.com/
1996,http://www.airproducts.com/
1997,http://www.thrivent.com/
1998,http://www.molsoncoors.com/
1999,http://www.interpublic.com/
2000,http://www.weyerhaeuser.com/
2001,http://www.alticeusa.com/
2002,http://www.raymondjames.com/
2003,http://www.emcorgroup.com/
2004,http://www.eversource.com/
2005,http://ir.yumchina.com/
2006,http://www.asburyauto.com/
2007,http://www.owens.edu/
2008,http://www.mgmresorts.com/
2009,http://www.intuit.com/
2010,http://www.cinfin.com/
2011,http://www.erieinsurance.com/
2012,http://www.univarsolutions.com/
2013,http://www.berkley.com/
2014,http://www.westernsouthern.com/
2015,http://www.insight.com/
2016,http://newscorp.com/
2017,http://www.americantower.com/
2018,http://www.oldrepublic.com/
2019,http://www.burlington.com/
2020,http://avisbudgetgroup.com/
2021,http://www.officedepot.com/
2022,http://www.bedbathandbeyond.com/
2023,http://www.firstam.com/
2024,http://www.theice.com/
2025,http://www.pvh.com/
2026,http://www.thehersheycompany.com/
2027,http://www.footlocker.com/
2028,http://www.dana.com/
2029,http://www.spartannash.com/
2030,http://www.jackson.com/
2031,http://www.activisionblizzard.com/
2032,http://www.tollbrothers.com/
2033,http://www.carlyle.com/
2034,http://www.graybar.com/
2035,http://www.ufpi.com/
2036,http://www.ulta.com/
2037,http://www.cbrands.com/
2038,http://www.expediagroup.com/
2039,http://www.commscope.com/
2040,http://www.owenscorning.com/
2041,http://www.huntsman.com/
2042,http://www.averydennison.com/
2043,http://www.centerpointenergy.com/
2044,http://www.53.com/
2045,http://www.wecenergygroup.com/
2046,http://www.spglobal.com/
2047,http://www.fmglobal.com/
2048,http://www.polaris.com/
2049,http://www.ajg.com/
2050,http://www.motorolasolutions.com/
2051,http://www.zillowgroup.com/
2052,http://www.opendoor.com/
2053,http://www.jmsmucker.com/
2054,http://www.anywhere.re/
2055,http://www.oshkosh.com/
2056,http://www.apa.org/
2057,http://www.dovercorporation.com/
2058,http://www.genworth.com/
2059,http://www.bathandbodyworks.com/
2060,http://www.zimmerbiomet.com/
2061,http://www.wabteccorp.com/
2062,http://www.zoetis.com/
2063,http://www.lpl.com/
2064,http://www.troweprice.com/
2065,http://www.troweprice.com/
2066,http://www.hess.com/
2067,http://www.vrtx.com/
2068,http://www.keycorpltd.com/
2069,http://www.chipotle.com/
2070,http://www.cmsenergy.com/
2071,http://www.arconic.com/
2072,http://www.taylormorrison.com/
2073,http://www.afginc.com/
2074,http://www.ugicorp.com/
2075,http://www.saic.com/
2076,http://www.avantorsciences.com/
2077,http://www.clorox.com/
2078,http://www.kbr.com/
2079,http://www.ta-petro.com/
2080,http://ir.hertz.com/
2081,http://www.securian.com/
2082,http://www.darden.com/
2083,http://www.graphicpkg.com/
2084,http://www.ncr.com/
2085,http://www.pplindia.org/
2086,http://www.cintas.com/
2087,http://www.xerox.com/
2088,http://www.rockwellautomation.com/
2089,http://investor.campingworld.com/
2090,http://www.ingredion.com/
2091,http://www.veritivcorp.com/
2092,http://www.becn.com/
2093,http://ir.diamondbackenergy.com/
2094,http://www.victoriassecret.com/
2095,http://www.academy.com/
2096,http://www.sanmina.com/
2097,http://www.onsemi.com/
2098,http://www.cmc.com/
2099,http://www.enlink.com/
2100,http://www.swn.com/
2101,http://www.dillards.com/
2102,http://www.landstar.com/
2103,http://www.cfindustries.com/
2104,http://www.roberthalf.com/
2105,http://www.compass-group.com/
2106,http://shop.hasbro.com/
2107,http://www.ropertech.com/
2108,http://www.arkocorp.com/
2109,http://frontier.com/
2110,http://www.ameren.com/
