,company name,fca website,website
0,Ultra Daily FX LTD,https://www.fca.org.uk/news/warnings/ultra-daily-fx-ltd,['https://ultradailyfx.com/']
1,http://www.debtadvices.co.uk,https://www.fca.org.uk/news/warnings/http-wwwdebtadvicescouk,['http://www.debtadvices.co.uk']
2,BWCinvest,https://www.fca.org.uk/news/warnings/bwcinvest,['https://bwcinvest.com/']
3,fxtgianttrades,https://www.fca.org.uk/news/warnings/fxtgianttrades,['https://www.fxtgianttrades.com/']
4,Straton Hills,https://www.fca.org.uk/news/warnings/straton-hills,['https://firstprimerabank.com/']
5,Cryptofxflow LTD,https://www.fca.org.uk/news/warnings/cryptofxflow-ltd,['https://cryptofxflow.online/']
6,StanFin Bank,https://www.fca.org.uk/news/warnings/stanfin-bank,['https://www.stanfinbank.com/']
7,INDEX FX,https://www.fca.org.uk/news/warnings/index-fx,['www.indexfx.online']
8,FXT-TRADERS,https://www.fca.org.uk/news/warnings/fxt-traders,['www.fxt-traders.ltd']
9,ExcaliburFx Ltd,https://www.fca.org.uk/news/warnings/excaliburfx-ltd,['www.excaliburfxl.com']
10,LUTON FX TRADE,https://www.fca.org.uk/news/warnings/luton-fx-trade,['www.lutonfxtrade.net']
11,FX INVESTMENT MINER,https://www.fca.org.uk/news/warnings/fx-investment-miner,['www.fx-investmentminer.com']
15,FXCFDTRADERS,https://www.fca.org.uk/news/warnings/fxcfdtraders,['https://fxcfdtraders.co.uk/']
16,highstarinvest.com,https://www.fca.org.uk/news/warnings/highstarinvestcom,['www.highstarinvest.com']
17,ALBITFX-TRADE,https://www.fca.org.uk/news/warnings/albitfx-trade,['www.albitfx-trade.online']
18,CRYPTOFOREXTRADING50,https://www.fca.org.uk/news/warnings/cryptoforextrading50,['https://cryptoforextrading50.com/']
19,EU FX BANK,https://www.fca.org.uk/news/warnings/eu-fx-bank,['https://eufxbank.com/']
20,exodusorbitalinvest.ltd,https://www.fca.org.uk/news/warnings/exodusorbitalinvestltd,['www.exodusorbitalinvest.ltd']
21,DIAMOND INVESTMENT,https://www.fca.org.uk/news/warnings/diamond-investment,['https://diamondforex.co.uk/']
22,zenithinvestmentpty.com,https://www.fca.org.uk/news/warnings/zenithinvestmentptycom,['www.zenithinvestmentpty.com']
23,vine-investments.com,https://www.fca.org.uk/news/warnings/vine-investmentscom,['https://seainvention.wixsite.com/vine-investments']
24,Vadwell Trade Fx,https://www.fca.org.uk/news/warnings/vadwell-trade-fx,['www.vadwelltradefx.com']
25,cryptoinvestmentcapital.com,https://www.fca.org.uk/news/warnings/cryptoinvestmentcapitalcom,['www.cryptoinvestmentcapital.com']
26,Great Western Bank,https://www.fca.org.uk/news/warnings/great-western-bank,['www.greatwesternintlbank.com']
27,Cryptodigital-currency,https://www.fca.org.uk/news/warnings/cryptodigital-currency,['www.cryptodigital-currency.com']
28,FOREX CRYPTO PAYOUT,https://www.fca.org.uk/news/warnings/forex-crypto-payout,['www.forexcryptopayout.com']
29,CRYPTO GLOBAL TRADES,https://www.fca.org.uk/news/warnings/crypto-global-trades,['www.cryptoglobaltrade.live']
30,REAL WEALTH INVESTMENT,https://www.fca.org.uk/news/warnings/real-wealth-investment,['https://realwealthinvestment.com/']
31,Excryptotradefx,https://www.fca.org.uk/news/warnings/excryptotradefx,['https://excryptotradefx.online/']
32,EXODUSTRADFX.COM,https://www.fca.org.uk/news/warnings/exodustradfxcom,['https://exodustradfx.com/']
33,UniversalSpotbank,https://www.fca.org.uk/news/warnings/universalspotbank,['https://universalspotbank.com/']
34,EX INVESTMENT,https://www.fca.org.uk/news/warnings/ex-investment,['www.ex-investment.com']
35,Crypto Renewed,https://www.fca.org.uk/news/warnings/crypto-renewed,['www.cryptorenewed.org']
36,PROFITSCHAIN FX,https://www.fca.org.uk/news/warnings/profitschain-fx,['www.profitschainfx.com']
37,Cryptocrestinvestment247,https://www.fca.org.uk/news/warnings/cryptocrestinvestment247,['www.cryptocrestinvestment247.com/']
38,ASSETSLITE INVESTMENT,https://www.fca.org.uk/news/warnings/assetslite-investment,['www.assetslite.live']
39,Superb Finance Ltd,https://www.fca.org.uk/news/warnings/superb-finance-ltd,['www.superb-finance.co.uk']
40,Crypto Live Capital,https://www.fca.org.uk/news/warnings/crypto-live-capital,['www.cryptolivecapitals.com']
41,CONFERENCE FX PLATFORM,https://www.fca.org.uk/news/warnings/conference-fx-platform,['www.conferencefxplatform.com']
42,CKB TRADERS INVESTMENT,https://www.fca.org.uk/news/warnings/ckb-traders-investment,['http://ckbmineinvestment.com/']
43,MONDIAL INVESTMENTS LIMITED,https://www.fca.org.uk/news/warnings/mondial-investments-limited,['www.mondialinvestmentsltd.vip']
44,BLUE RAY INVESTMENT GROUP,https://www.fca.org.uk/news/warnings/blue-ray-investment-group,['www.bluerayinvestmentgroup.com']
45,ACTIVFXTRADE,https://www.fca.org.uk/news/warnings/activfxtrade,['https://activfxtrade.com/']
46,CRYPTOCOINDESKFX,https://www.fca.org.uk/news/warnings/cryptocoindeskfx,['www.cryptocoindeskfx.com']
47,Glovefx Trade,https://www.fca.org.uk/news/warnings/glovefx-trade,['www.glovefxtrade.com']
48,exchangeincome.net,https://www.fca.org.uk/news/warnings/exchangeincomenet,['www.exchangeincome.net']
49,ZEON NETWORK,https://www.fca.org.uk/news/warnings/zeon-network,['https://zeon.network/']
50,CRYPTOCURRENCYFXMINING,https://www.fca.org.uk/news/warnings/cryptocurrencyfxmining,['www.cryptocurrencyfxmining.com']
51,ORION GLOBAL INVESTMENT,https://www.fca.org.uk/news/warnings/orion-global-investment,['https://orionglobalinvest.ltd/']
52,CAPITAL TRUST INVESTMENTS,https://www.fca.org.uk/news/warnings/capital-trust-investments,['www.capitaltrust-investments.com/']
53,Cooperhouse capital and fund management inc.,https://www.fca.org.uk/news/warnings/cooperhouse-capital-and-fund-management-inc,['www.cooperhousecapfundmgt.com']
54,EPENTOMIA,https://www.fca.org.uk/news/warnings/epentomia,['www.eptfx.exchange']
55,Bravofxtrade,https://www.fca.org.uk/news/warnings/bravofxtrade,['https://bravofxtrade.online/']
56,FIRSTCRYSTALBANK,https://www.fca.org.uk/news/warnings/firstcrystalbank,['https://firstcrystalbank.com/']
57,Capittal Partner,https://www.fca.org.uk/news/warnings/capittal-partner,['www.capittalpartner.io']
58,FxMarketSpace Ltd,https://www.fca.org.uk/news/warnings/fxmarketspace-ltd,['www.fxmarketslimited.com']
59,FX CRYP LAND,https://www.fca.org.uk/news/warnings/fx-cryp-land,['https://fxcrypland.com/']
60,stock-invests.com,https://www.fca.org.uk/news/warnings/stock-investscom,['http://stock-invests.com/']
61,Legacy FX Brokers,https://www.fca.org.uk/news/warnings/legacy-fx-brokers,['http://legacyfxbrokers.net/']
62,Assetglobal Investments,https://www.fca.org.uk/news/warnings/assetglobal-investments,['www.assetglobal.org']
63,Zenith Capital Assests,https://www.fca.org.uk/news/warnings/zenith-capital-assests,['https://zenithinvestmentsglobal.com/']
65,Beanstox Unified Investment,https://www.fca.org.uk/news/warnings/beanstox-unified-investment,['https://beanstoxunifiedinvest.com/']
66,US Stock Market Investments,https://www.fca.org.uk/news/warnings/us-stock-market-investments,['https://usstockmarketinvestment.com/']
67,DEVPROINVEST,https://www.fca.org.uk/news/warnings/devproinvest,['https://devproinvest.com/']
68,LQD FX,https://www.fca.org.uk/news/warnings/lqd-fx,['https://www.lqdfx.com/']
69,Refundable Ltd,https://www.fca.org.uk/news/warnings/refundable-ltd,['www.refundable.co.uk']
70,FX KICK STARTER,https://www.fca.org.uk/news/warnings/fx-kick-starter,['www.fxkickstarter.com']
71,GREENSKY ADVISORS LTD,https://www.fca.org.uk/news/warnings/greensky-advisors-ltd,['www.greenskyadvisorsltd.com']
73,MultiFxProTraders,https://www.fca.org.uk/news/warnings/multifxprotraders,['www.multifxprotraders.com']
74,CERTA INVEST,https://www.fca.org.uk/news/warnings/certa-invest,['www.certainvest.io/']
75,CryptoMax Corp,https://www.fca.org.uk/news/warnings/cryptomax-corp,['www.cryptomaxcorp.com']
76,Spartan Trade,https://www.fca.org.uk/news/warnings/spartan-trade,['www.spartan-trade.com']
77,Richardson Lewis,https://www.fca.org.uk/news/warnings/richardson-lewis,['https://www.richardsonlewis.com/']
78,Forever Finances,https://www.fca.org.uk/news/warnings/forever-finances,['www.foreverfinances.co.uk/']
79,Leon Wealth Academy,https://www.fca.org.uk/news/warnings/leon-wealth-academy,['www.eliteforexsignals.org/']
80,AUFX Markets,https://www.fca.org.uk/news/warnings/aufx-markets,['www.aufxmarkets.com']
81,Refund Experts,https://www.fca.org.uk/news/warnings/refund-experts,['www.refundexperts.net']
82,FX TRADE GAIN,https://www.fca.org.uk/news/warnings/fx-trade-gain,['www.fxtradegain.com']
83,STANDARD INTERCONTINENTAL SAVINGS BANK,https://www.fca.org.uk/news/warnings/standard-intercontinental-savings-bank,['www.standardintercontinentalsavings.com']
84,247cryptoassets,https://www.fca.org.uk/news/warnings/247cryptoassets,['https://247productivecryptoasset.com/']
85,CRYPTO1CAPITAL,https://www.fca.org.uk/news/warnings/crypto1capital,['https://crypto1capital.pro/']
87,MONNAIEBANKS.COM,https://www.fca.org.uk/news/warnings/monnaiebankscom,['https://monnaiebanks.com/']
88,Reliablemarketfxt,https://www.fca.org.uk/news/warnings/reliablemarketfxt,['https://reliablemarketfxt.com/']
89,FlexTrading Fx,https://www.fca.org.uk/news/warnings/flextrading-fx,['flextradingfx.net']
90,Trade Top FX,https://www.fca.org.uk/news/warnings/trade-top-fx,['www.tradetopfx.com']
91,Nexta Capital FX,https://www.fca.org.uk/news/warnings/nexta-capital-fx,['www.nextacapitalfx.com']
92,Global Get Back,https://www.fca.org.uk/news/warnings/global-get-back,['globalgetback.com']
93,Stable Coin Invest,https://www.fca.org.uk/news/warnings/stable-coin-invest,['https://stablecoin-invest.com/']
94,Mount Financial Bank PLC,https://www.fca.org.uk/news/warnings/mount-financial-bank-plc,['http://mountfinbank.com/']
95,Hatford and Fleming Financial Holdings Inc,https://www.fca.org.uk/news/warnings/hatford-and-fleming-financial-holdings-inc,"['www.hatfordandfleming.com, www.hatfordandflemming.com']"
97,CoinFxOnline,https://www.fca.org.uk/news/warnings/coinfxonline,['www.coinfxonline.com']
98,PrimesInvestment Ltd,https://www.fca.org.uk/news/warnings/primesinvestment-ltd,['www.theprimesinvestment.com']
99,Legacy Fortune Investment Services,https://www.fca.org.uk/news/warnings/legacy-fortune-investment-services,['https://legacyfis.com/']
100,SWIFTFXTRADE,https://www.fca.org.uk/news/warnings/swiftfxtrade,['https://swiftfxtrade.info/']
101,DWS Invest,https://www.fca.org.uk/news/warnings/dws-invest,['https://dwsinvest.company/']
102,DAV Invest,https://www.fca.org.uk/news/warnings/dav-invest,['https://davinvest.pro/']
103,basetradeglobalinvestment.net,https://www.fca.org.uk/news/warnings/basetradeglobalinvestmentnet,['https://basetradeglobalinvestment.net/']
104,Assets Deluxe Trading,https://www.fca.org.uk/news/warnings/assets-deluxe-trading,['https://assetsdeluxetrading.com/']
105,EARNERS CIRCLE INVESTMENT,https://www.fca.org.uk/news/warnings/earners-circle-investment,['www.earners-circleinvestment.info']
106,Sterling Investments Limited,https://www.fca.org.uk/news/warnings/sterling-investments-limited,['https://sterling-investment.ltd']
107,AtomtradeFX,https://www.fca.org.uk/news/warnings/atomtradefx,['https://atomtrade-fx.online/']
108,capital-assets.world,https://www.fca.org.uk/news/warnings/capital-assetsworld,['https://capital-assets.world/']
109,FOREX E-COMMERCIAL MARKET/FXECM,https://www.fca.org.uk/news/warnings/forex-e-commercial-market-fxecm,['www.fxecm.com']
110,MortalFx,https://www.fca.org.uk/news/warnings/mortalfx,['www.mortalfx.com']
111,CASHFXEXPERTS,https://www.fca.org.uk/news/warnings/cashfxexperts,['https://cashfxexperts.online/']
112,blochainfxpayment.com,https://www.fca.org.uk/news/warnings/blochainfxpaymentcom,['www.blochainfxpayment.com']
113,Forex Treasures,https://www.fca.org.uk/news/warnings/forex-treasures,['www.forextreasures.com']
114,Crystal-Market.Ltd,https://www.fca.org.uk/news/warnings/crystal-marketltd,['https://crystal-market.ltd/']
115,RevolutionInvest.ltd,https://www.fca.org.uk/news/warnings/revolutioninvestltd,['https://revolutioninvest.ltd/']
116,safekeeping investments,https://www.fca.org.uk/news/warnings/safekeeping-investments,['https://safekeepinginvestments.com/']
117,PRIME CHAIN MARKETS,https://www.fca.org.uk/news/warnings/prime-chain-markets,['www.primechainmarkets.com']
118,platinumcapitalinvestment.co.uk,https://www.fca.org.uk/news/warnings/platinumcapitalinvestmentcouk,['www.platinumcapitalinvestment.co.uk/index.html']
119,FX STOCK INTERSWITCH,https://www.fca.org.uk/news/warnings/fx-stock-interswitch,['https://fxstockinterswitch.org/']
120,Merge Assets and Finance,https://www.fca.org.uk/news/warnings/merge-assets-and-finance,['https://mergeassetsandfinance.com/']
121,Crypto Wealth Investment Company,https://www.fca.org.uk/news/warnings/crypto-wealth-investment-company,['https://cryptowealth-company.com/']
122,MACRO FUNDS BANK,https://www.fca.org.uk/news/warnings/macro-funds-bank,['www.macrofundsbank.com']
123,FX BITCOIN MINERS,https://www.fca.org.uk/news/warnings/fx-bitcoin-miners,['www.fxbitcoinminers.com']
124,ARTEMISFX,https://www.fca.org.uk/news/warnings/artemisfx,['www.artemisfx.com']
125,Dlightglobalfxm,https://www.fca.org.uk/news/warnings/dlightglobalfxm,['https://dlightglobalfxm.com/']
126,Daily-incomex,https://www.fca.org.uk/news/warnings/daily-incomex,['https://daily-incomex.digital']
127,Hayat Global Ltd,https://www.fca.org.uk/news/warnings/hayat-global-ltd,['https://hayatglobalfx.com/']
128,Fxbinas Trade Trade,https://www.fca.org.uk/news/warnings/fxbinas-trade-trade,['https://fxbinas-trade.online/']
129,Mega Profit Crypto Currency,https://www.fca.org.uk/news/warnings/mega-profit-crypto-currency,['www.megaprofitcryptocurrency.com']
130,Trust Merchant Cooperative Bank,https://www.fca.org.uk/news/warnings/trust-merchant-cooperative-bank,['https://trustmerchantcooperativebank.net/']
131,SMI Trade,https://www.fca.org.uk/news/warnings/smi-trade,['https://smitrade.com/en-us/home/index.html']
132,Discovery Finance,https://www.fca.org.uk/news/warnings/discovery-finance,['https://www.discoveryfinance.me/']
133,Stacks Investments,https://www.fca.org.uk/news/warnings/stacks-investments,['www.stacksinvestments.pro']
134,PRIMECYCLES INVEST,https://www.fca.org.uk/news/warnings/primecycles-invest,['https://primecyclesinvest.com/']
135,BITYIELD INVESTMENT,https://www.fca.org.uk/news/warnings/bityield-investment,['https://bityieldinvestment.com/']
136,PRIME CRYPTO EARNERS,https://www.fca.org.uk/news/warnings/prime-crypto-earners,['https://primecryptoearners.com/']
137,FundingFX,https://www.fca.org.uk/news/warnings/fundingfx,['https://www.fundingfx.co.uk/']
138,ROMOS LLC,https://www.fca.org.uk/news/warnings/romos-llc,['https://www.romosllc.com/']
139,HTB Investment,https://www.fca.org.uk/news/warnings/htb-investment,['https://www.htbinvestment.com/']
140,Mastertradeplusfx Inc,https://www.fca.org.uk/news/warnings/mastertradeplusfx-inc,['https://mastertradeplusfx.com/']
141,One Guaranty Bank,https://www.fca.org.uk/news/warnings/one-guaranty-bank,['www.oneguarantybank.com']
142,ICapital Global FX,https://www.fca.org.uk/news/warnings/icapital-global-fx,['https://icapitalglobfx.com/']
144,Metrol International Bank,https://www.fca.org.uk/news/warnings/metrol-international-bank,['https://metrolintlbank.com/']
145,FxMarket365,https://www.fca.org.uk/news/warnings/fxmarket365,['https://fxmarket365.com/']
146,RETROFXPROFIT,https://www.fca.org.uk/news/warnings/retrofxprofit,['www.retrofxprofit.com']
147,LoyalFXMarket,https://www.fca.org.uk/news/warnings/loyalfxmarket,['www.loyalfxmarkets.com']
148,CRYPTOFXTRADING,https://www.fca.org.uk/news/warnings/cryptofxtrading,['cryptofxtrading.net']
149,DEFI KOIN MARKET,https://www.fca.org.uk/news/warnings/defi-koin-market,['https://defikoinmarket.com/']
150,elitetradecapitalfx.com LTD,https://www.fca.org.uk/news/warnings/elitetradecapitalfxcom-ltd,['https://elitetradecapitalfx.com/']
151,DFX Investment Platform,https://www.fca.org.uk/news/warnings/dfx-investment-platform,['http://dfxivpltfm.com/']
152,Digital funds investment,https://www.fca.org.uk/news/warnings/digital-funds-investment,['https://digitalfinvest.com/']
153,City Financial Asset Management,https://www.fca.org.uk/news/warnings/city-financial-asset-management,['www.cityfinancialassetmanagement.com']
154,Wealth Nets Finance Ops,https://www.fca.org.uk/news/warnings/wealth-nets-finance-ops,['www.wealthnetsops.com']
155,Bitvillafx,https://www.fca.org.uk/news/warnings/bitvillafx,['https://bitvillafx.com/']
156,Fidelity Crypto,https://www.fca.org.uk/news/warnings/fidelity-crypto,['https://fcinvestinc.com/']
157,Zenithbit Company,https://www.fca.org.uk/news/warnings/zenithbit-company,['https://zenithbitinvestment.com/']
158,ZENFXLTD.COM,https://www.fca.org.uk/news/warnings/zenfxltdcom,['www.zenfxltd.com']
159,BI.IN Trade Markets,https://www.fca.org.uk/news/warnings/biin-trade-markets,['https://www.biintrademarkets.com/']
160,Forex Alphas,https://www.fca.org.uk/news/warnings/forex-alphas,['https://forexalphastr.com/']
161,Digital CoupFx,https://www.fca.org.uk/news/warnings/digital-coupfx,['https://digitalcoupfx.com/']
162,Global Crypto Express,https://www.fca.org.uk/news/warnings/global-crypto-express,['https://globalcryptoexpress.com/']
163,Finex Global Markets,https://www.fca.org.uk/news/warnings/finex-global-markets,['https://finexglobalmarkets.com/']
164,Equity Assets Innovation,https://www.fca.org.uk/news/warnings/equity-assets-innovation,['https://equityassetsinnovation.online/']
167,VisionFxpro,https://www.fca.org.uk/news/warnings/visionfxpro,['https://visionfx.pro/']
168,VICTORY FX,https://www.fca.org.uk/news/warnings/victory-fx,['www.victoryfx.uk']
169,PAX INVESTMENTS,https://www.fca.org.uk/news/warnings/pax-investments,['www.pax-investments.uk']
170,USA GLOBAL BANK,https://www.fca.org.uk/news/warnings/usa-global-bank,['https://usa-global-bank.com/']
171,BITCLOUDFXPRO,https://www.fca.org.uk/news/warnings/bitcloudfxpro,['www.Bitcloudfxpro.com']
172,Affluentprimefxt,https://www.fca.org.uk/news/warnings/affluentprimefxt,['www.affluentprimefxt.com']
173,COINPAYMENT FX,https://www.fca.org.uk/news/warnings/coinpayment-fx,['www.coinpaymentfx.com']
174,FXSMART OPTIONS,https://www.fca.org.uk/news/warnings/fxsmart-options,['www.fxsmartoptions.com']
175,COIN TRADING FX,https://www.fca.org.uk/news/warnings/coin-trading-fx,['www.cointradingfx.ltd']
176,Aston Global Assets,https://www.fca.org.uk/news/warnings/aston-global-assets,['www.astonglobalassets.com']
177,Bbitfx,https://www.fca.org.uk/news/warnings/bbitfx,['https://bbitfx.org/']
178,FinssoBank,https://www.fca.org.uk/news/warnings/finssobank,['www.finssobank.com']
179,Tiptopsmarkets,https://www.fca.org.uk/news/warnings/tiptopsmarkets,['https://t-topsmarkets.com/']
180,KEDEXTRADINGFX,https://www.fca.org.uk/news/warnings/kedextradingfx,['www.kedextradingfx.com']
181,swashinvest.com,https://www.fca.org.uk/news/warnings/swashinvestcom,['www.swashinvest.com']
182,W.J. Edwards,https://www.fca.org.uk/news/warnings/wj-edwards,"['wjedwards.uk, wjedwardsltd.co.uk']"
183,Exnessfxcapital,https://www.fca.org.uk/news/warnings/exnessfxcapital,['https://exnessfxcapital.com/']
184,fx-trusttrade,https://www.fca.org.uk/news/warnings/fx-trusttrade,"['www.fx-trusttrade.ltd, https://fx-trusttrade.org']"
185,fx-cashtrading.ltd,https://www.fca.org.uk/news/warnings/fx-cashtradingltd,['https://fx-cashtrading.ltd/']
186,WIN-TRADE INVEST,https://www.fca.org.uk/news/warnings/win-trade-invest,['www.win-tradeinvest.com']
187,TF Global Limited,https://www.fca.org.uk/news/warnings/tf-global-limited,['https://turtle-forex.com/']
188,CHECKERBITS INVESTMENT LTD,https://www.fca.org.uk/news/warnings/checkerbits-investment-ltd,['www.checkerbitsinvestment.com']
191,SoarFxGB,https://www.fca.org.uk/news/warnings/soarfxgb,['https://soarfxgb.net/']
192,RICHCOINFX,https://www.fca.org.uk/news/warnings/richcoinfx,['https://richcoinfx.com/']
194,Wailey Bank,https://www.fca.org.uk/news/warnings/wailey-bank,['https://waileybank.com/']
195,METROPOLISCAPITALBANK,https://www.fca.org.uk/news/warnings/metropoliscapitalbank,['https://metropoliscapitalbank.site/']
196,Fixed Income,https://www.fca.org.uk/news/warnings/fixed-income,['www.fixedincome.org.uk']
197,First Urban Bank,https://www.fca.org.uk/news/warnings/first-urban-bank,['www.firsturbanbank.com']
198,All Citizen Bank,https://www.fca.org.uk/news/warnings/all-citizen-bank,['www.allcitizenbank.com']
199,Prime Assets Global,https://www.fca.org.uk/news/warnings/prime-assets-global,['https://primeassetsglobal.com/']
200,GLOBAL INCOME TRADE,https://www.fca.org.uk/news/warnings/global-income-trade,['www.globalincometrade.net']
201,TRADE TECH INVESTMENTS,https://www.fca.org.uk/news/warnings/trade-tech-investments,['www.tradetechinvestment.com']
202,CRYSTAL INVESTMENT PROFIT,https://www.fca.org.uk/news/warnings/crystal-investment-profit,['www.crystalinvestmentprofit.com']
203,SUREFXWAY,https://www.fca.org.uk/news/warnings/surefxway,['www.surefxway.com']
204,MavadonBank,https://www.fca.org.uk/news/warnings/mavadonbank,['www.mavadonbank.com']
205,ArcadisInvest,https://www.fca.org.uk/news/warnings/arcadisinvest,['https://arcadisinvest.com/']
206,TRADEPROFITFX,https://www.fca.org.uk/news/warnings/tradeprofitfx,['www.trade-profitfx.net']
207,GCB London,https://www.fca.org.uk/news/warnings/gcb-london,['www.gcblondonltd.com']
208,REVIVEDINVEST,https://www.fca.org.uk/news/warnings/revivedinvest,['www.revivedinvest.com']
209,Bridge Lenders,https://www.fca.org.uk/news/warnings/bridge-lenders,['www.bridgelendersltd.com']
210,ONEFX TRADE,https://www.fca.org.uk/news/warnings/onefx-trade,['https://www.1fxtrade.com/']
211,24hourscryptoexpert,https://www.fca.org.uk/news/warnings/24hourscryptoexpert,['www.24hourscryptoexpert.org']
212,investfxsignals.com,https://www.fca.org.uk/news/warnings/investfxsignalscom,['www.investfxsignals.com']
213,Tomer Capital,https://www.fca.org.uk/news/warnings/tomer-capital,"['www.tomercapitalgroup.com, www.tomercapital.com']"
214,Smart Bit-FX,https://www.fca.org.uk/news/warnings/smart-bit-fx,['https://smart-bitfx.com/']
215,ADAGIO ACCOUNTANTS,https://www.fca.org.uk/news/warnings/adagio-accountants,['www.adagio-ca.com']
216,COINWHALE INVESTMENT,https://www.fca.org.uk/news/warnings/coinwhale-investment,['www.coinwhaleinvestment.com']
217,Commonwealth financial services,https://www.fca.org.uk/news/warnings/commonwealth-financial-services,['https://commonwealthfinances.com/']
218,focusloans.uk,https://www.fca.org.uk/news/warnings/focusloansuk,['focusloans.uk']
219,Marketwaves Pro,https://www.fca.org.uk/news/warnings/marketwaves-pro,['https://marketwavespro.com']
220,Copy Trade Signals.FxLtd,https://www.fca.org.uk/news/warnings/copy-trade-signalsfxltd,['https://copytradesignalsfxltd.com/']
221,IKICI,https://www.fca.org.uk/news/warnings/ikici,['www.ikici.com']
222,TradeFCA,https://www.fca.org.uk/news/warnings/tradefca,['www.tradefca.com']
223,CRYPT24FX,https://www.fca.org.uk/news/warnings/crypt24fx,['www.cryptfx24.com']
224,Astrofxtradingplatform,https://www.fca.org.uk/news/warnings/astrofxtradingplatform,['https://astrofxplatform.com']
225,FOREX-EXCHANGE.LTD,https://www.fca.org.uk/news/warnings/forex-exchangeltd,['https://forex-exchange.ltd/']
226,DAILY WEALTH FINANCING,https://www.fca.org.uk/news/warnings/daily-wealth-financing,['https://dailywealthfinancing.com/']
227,Global Recovery Center,https://www.fca.org.uk/news/warnings/global-recovery-center,['gr-center.com']
228,Josef Nejedly Consultancy,https://www.fca.org.uk/news/warnings/josef-nejedly-consultancy,['www.josefnejedlyconsultancy.com']
229,FTM Trade,https://www.fca.org.uk/news/warnings/ftm-trade,['www.ftmtrade.com']
230,National Debt Advice,https://www.fca.org.uk/news/warnings/national-debt-advice,['www.nationaldebtadvice.org.uk']
231,New Capital Lenders,https://www.fca.org.uk/news/warnings/new-capital-lenders,['newcapitallenders.co.uk']
233,Cryptocycle,https://www.fca.org.uk/news/warnings/cryptocycle,['www.cryptocycle.org']
234,Main Bit,https://www.fca.org.uk/news/warnings/main-bit,['www.main-bit.com']
235,Coin Matrix,https://www.fca.org.uk/news/warnings/coin-matrix,['https://coinmatrixfx.uk/']
236,PROFITCHAIN FX,https://www.fca.org.uk/news/warnings/profitchain-fx,['www.profitchainfx.com']
237,SOLANA MARKETS,https://www.fca.org.uk/news/warnings/solana-markets,['www.solana-markets.com']
238,Finance Investment,https://www.fca.org.uk/news/warnings/finance-investment,"['www.finance-investment.ltd, www.finance-investment.ltd']"
239,Rapid Money UK,https://www.fca.org.uk/news/warnings/rapid-money-uk,['rapidmoneyuk.com']
240,Apollo Corporate Partners,https://www.fca.org.uk/news/warnings/apollo-corporate-partners,['www.apollocorporatepartners.com']
241,Aligninvest limited,https://www.fca.org.uk/news/warnings/aligninvest-limited,['www.aligninvest.net']
242,EQUITY BANK LP,https://www.fca.org.uk/news/warnings/equity-bank-lp,['www.equitibanklp.com']
243,MX BITCOIN INVESTMENT,https://www.fca.org.uk/news/warnings/mx-bitcoin-investment,['www.mxbitcoininvestment.com']
244,KEIR HARTLAND ASSOCIATES,https://www.fca.org.uk/news/warnings/keir-hartland-associates,['www.keir-hartlandassoc.com']
246,Finsa Investment,https://www.fca.org.uk/news/warnings/finsa-investment,['www.finsainvestment.com']
247,Fxcryptland,https://www.fca.org.uk/news/warnings/fxcryptland,['www.fxcryptland.com']
248,Flexo Limited,https://www.fca.org.uk/news/warnings/flexo-limited,"['https://flexomarketasia.com/, www.flexomarkets.com']"
249,GLOBALASSETE LTD,https://www.fca.org.uk/news/warnings/globalassete-ltd,['www.globalassete.ltd']
250,forbes-income.com,https://www.fca.org.uk/news/warnings/forbes-incomecom,['www.forbes-income.com']
251,ExpressFXonline LTD,https://www.fca.org.uk/news/warnings/expressfxonline-ltd,['https://expressfxonline.com']
252,fx-cryptominers.com,https://www.fca.org.uk/news/warnings/fx-cryptominerscom,['www.fx-cryptominers.com']
253,www.aiglinvestmentgroupltd.com,https://www.fca.org.uk/news/warnings/wwwaiglinvestmentgroupltdcom,['www.aiglinvestmentgroupltd.com']
254,Glassman Consultants LLC,https://www.fca.org.uk/news/warnings/glassman-consultants-llc,['www.glassmanconsultants.com']
256,TRUISTEE BANK,https://www.fca.org.uk/news/warnings/truistee-bank,['https://truisteebank.com/']
257,York Global Finance,https://www.fca.org.uk/news/warnings/york-global-finance,['https://yorkglobalfinance.com']
258,Global Coin,https://www.fca.org.uk/news/warnings/global-coin,"['www.global-coin.pro/, www.global-coin.co']"
259,Grow Deposits,https://www.fca.org.uk/news/warnings/grow-deposits,['www.growdeposits.com']
260,Westmark Traders,https://www.fca.org.uk/news/warnings/westmark-traders,['https://westmark.cc']
261,www.titanfundrecovery.com,https://www.fca.org.uk/news/warnings/wwwtitanfundrecoverycom,['www.titanfundrecovery.com']
262,Insta Markets Ltd,https://www.fca.org.uk/news/warnings/insta-markets-ltd,['www.insta-markets.com']
263,BRUTONADVISORS.CO.UK,https://www.fca.org.uk/news/warnings/brutonadvisorscouk,['www.brutonadvisors.co.uk']
264,Genesis Blockchain FX,https://www.fca.org.uk/news/warnings/genesis-blockchain-fx,['www.genesisblockchainfx.com']
265,FXbase.io,https://www.fca.org.uk/news/warnings/fxbaseio,['www.fxbase.io']
266,tradequickfx,https://www.fca.org.uk/news/warnings/tradequickfx,['www.tradequickfx.net']
267,www.lotsfx.com,https://www.fca.org.uk/news/warnings/wwwlotsfxcom,['www.lotsfx.com']
268,121 Trading,https://www.fca.org.uk/news/warnings/121-trading,['https://www.trading121.co.uk']
269,HITSTOCK FX,https://www.fca.org.uk/news/warnings/hitstock-fx,['www.hitstockfx.org']
270,CRYPTO CREATIVE,https://www.fca.org.uk/news/warnings/crypto-creative,['www.crypto-creative.uk']
271,Truist Investment,https://www.fca.org.uk/news/warnings/truist-investment,['www.truistinvestment.us']
272,Bullionsassets Ltd,https://www.fca.org.uk/news/warnings/bullionsassets-ltd,['www.bullionsassets.com']
273,SKY DOVE BANK,https://www.fca.org.uk/news/warnings/sky-dove-bank,['https://skydovebank.com/']
274,Uratheum Investment,https://www.fca.org.uk/news/warnings/uratheum-investment,['www.uratheuminvestment.com']
275,ADMINISTRADORA FOREX,https://www.fca.org.uk/news/warnings/administradora-forex,['www.administradoraforex.com']
276,Olive Crypto Trading,https://www.fca.org.uk/news/warnings/olive-crypto-trading,['www.olivecryptotrading.com']
277,CAPITAL MINING CRYPTO,https://www.fca.org.uk/news/warnings/capital-mining-crypto,['www.capitalminingcrypto.com']
278,Crypto FX AI Trades,https://www.fca.org.uk/news/warnings/crypto-fx-ai-trades,['www.cryptofxaitrades.com']
279,ARCHER FX TRADING LTD,https://www.fca.org.uk/news/warnings/archer-fx-trading-ltd,['www.archerfxtradingltd.com']
280,COINFXTRADING,https://www.fca.org.uk/news/warnings/coinfxtrading,['https://coinfxtrading.org/']
281,MAXWESTASSETS,https://www.fca.org.uk/news/warnings/maxwestassets,['https://maxwestassets.org/']
282,247 TRADES FX,https://www.fca.org.uk/news/warnings/247-trades-fx,['http://247tradesfx.com/']
284,SUPERINVEST.ORG,https://www.fca.org.uk/news/warnings/superinvestorg,['www.superinvest.org']
285,APEX CRYPTOFX,https://www.fca.org.uk/news/warnings/apex-cryptofx,['www.apex-cryptofx.com']
286,Redraven Markets,https://www.fca.org.uk/news/warnings/redraven-markets,['www.redravenmarkets.com']
287,DynamicFx Trade,https://www.fca.org.uk/news/warnings/dynamicfx-trade,"['www.dynamicfxtrade.com, https://dynamicfxtrade.live/']"
288,Freedom Trust Credit Bank,https://www.fca.org.uk/news/warnings/freedom-trust-credit-bank,"['www.fdtrust.co.uk, www.freedomtrustplc.com']"
289,CHAINSWIFTFX,https://www.fca.org.uk/news/warnings/chainswiftfx,['https://chainswiftfx.com/']
290,DFINEXMARKET,https://www.fca.org.uk/news/warnings/dfinexmarket,['https://dfinexmarket.com/']
291,BITFOREX FINANCE,https://www.fca.org.uk/news/warnings/bitforex-finance,['www.bitforexfinance.online']
292,PLATINUM INVESTMENTS,https://www.fca.org.uk/news/warnings/platinum-investments,['www.platinuminvestmentgroups.com']
293,Cryptonance Brokerage,https://www.fca.org.uk/news/warnings/cryptonance-brokerage,['www.cryptonancebrokerage.com']
294,NEXUS FINANCIAL FX,https://www.fca.org.uk/news/warnings/nexus-financial-fx,['www.nexusfinancialfx.com']
295,BLOOM MARKET TRADING,https://www.fca.org.uk/news/warnings/bloom-market-trading,['www.bloommarkettrading.com']
296,DIGICOINFX,https://www.fca.org.uk/news/warnings/digicoinfx,['www.digicoinfx.com']
297,CAPITAL WEALTH TRADE,https://www.fca.org.uk/news/warnings/capital-wealth-trade,['https://capitalwealthtrade.com/']
299,WINVESTOCK,https://www.fca.org.uk/news/warnings/winvestock,['https://winvestock.com/']
300,gazprofx.com,https://www.fca.org.uk/news/warnings/gazprofxcom,['www.gazprofx.com']
301,FXM VENTURE,https://www.fca.org.uk/news/warnings/fxm-venture,['https://fxmventure.com/']
302,GETECK UK LIMITED,https://www.fca.org.uk/news/warnings/geteck-uk-limited,['geteckuk.com']
303,best ethical options,https://www.fca.org.uk/news/warnings/best-ethical-options,['www.bestethicaloptions.com']
304,UNIVERSE OPTIONS FX,https://www.fca.org.uk/news/warnings/universe-options-fx,['https://universeoptionsfx.com/']
306,Life Equity Investment Private Bank,https://www.fca.org.uk/news/warnings/life-equity-investment-private-bank,['lifeequityinvestmentprivate.com']
307,FX Coniplant,https://www.fca.org.uk/news/warnings/fx-coniplant,['www.fxconiplant.com']
309,Paragon-Invest,https://www.fca.org.uk/news/warnings/paragon-invest,['www.paragon-invest.ltd']
310,Finance Infinity,https://www.fca.org.uk/news/warnings/finance-infinity,['financeinfinity.co.uk']
311,Fx-fastfunds Ltd,https://www.fca.org.uk/news/warnings/fx-fastfunds-ltd,['www.fx-fastfunds.ltd']
312,Hardy Green Corporate Partners,https://www.fca.org.uk/news/warnings/hardy-green-corporate-partners,['www.hardygreencorp.com']
314,Gtechinvestmentplatform,https://www.fca.org.uk/news/warnings/gtechinvestmentplatform,['www.gtechinvestmentplatform.com/']
315,A2B FX STRATEGY LIMITED,https://www.fca.org.uk/news/warnings/a2b-fx-strategy-limited,['www.a2bfxstrategyltd.com']
316,FXIPRO,https://www.fca.org.uk/news/warnings/fxipro,['ww.fxipro.com']
317,APEXBULLFX,https://www.fca.org.uk/news/warnings/apexbullfx,['https://apexbullfx.com/']
318,FXBINASTRADE,https://www.fca.org.uk/news/warnings/fxbinastrade,['www.fxbinastrade.online']
319,YABO GLOBAL,https://www.fca.org.uk/news/warnings/yabo-global,['https://yaboglobalfx.com/']
320,Crypto Master,https://www.fca.org.uk/news/warnings/crypto-master,['www.cryptomaster.uk']
321,FORTCRYPTO LTD,https://www.fca.org.uk/news/warnings/fortcrypto-ltd,['www.fortcrypto.ltd']
322,CD INVESTMENTS,https://www.fca.org.uk/news/warnings/cd-investments,['www.cd-investments.biz']
323,CAPITAL TRADE,https://www.fca.org.uk/news/warnings/capital-trade,['capital-trade.io']
324,CRYPTO-STOCKSMARKET,https://www.fca.org.uk/news/warnings/crypto-stocksmarket,['https://cryptostocksmarket.ltd/']
325,FX SMARTCAPITAL TRADE,https://www.fca.org.uk/news/warnings/fx-smartcapital-trade,['www.fxsmartcapitaltrade.com']
326,Greenlight Capital Inc,https://www.fca.org.uk/news/warnings/greenlight-capital-inc,"['greenlightcapitalinc.com, greenlightcapinc.com, greenlightcaptlinc.com']"
328,QUANTOMFX,https://www.fca.org.uk/news/warnings/quantomfx,['www.quantomfx.com']
329,NUNITEINVESTING,https://www.fca.org.uk/news/warnings/nuniteinvesting,['https://nuniteinvesting.net/']
330,CryptoCloudMiners,https://www.fca.org.uk/news/warnings/cryptocloudminers,['www.cryptocloudminers.xyz']
331,APPEX MARKET,https://www.fca.org.uk/news/warnings/appex-market,['www.appexmarket.com']
332,Infy Fx Trade,https://www.fca.org.uk/news/warnings/infy-fx-trade,['www.infyfxtrade.com']
333,Crypto InvestmentFx,https://www.fca.org.uk/news/warnings/crypto-investmentfx,['www.cryptoint-fx.net']
334,GLOBAL CRYPTO MINER,https://www.fca.org.uk/news/warnings/global-crypto-miner,['www.globalcryptominer.com']
335,CAPITAL TRADERS MARKET,https://www.fca.org.uk/news/warnings/capital-traders-market,['www.ctmarket.org']
336,DAXSON INVESTMENT MANAGEMENT,https://www.fca.org.uk/news/warnings/daxson-investment-management,['https://daxsoninvest.org/']
337,EXPERT CRYPTOFX OPTION LTD,https://www.fca.org.uk/news/warnings/expert-cryptofx-option-ltd,['www.expertcryptofxoption.com']
338,FTX,https://www.fca.org.uk/news/warnings/ftx,['https://ftx.com/']
339,ZeemzFX,https://www.fca.org.uk/news/warnings/zeemzfx,['www.zeemzfx.com']
340,FX PLUS,https://www.fca.org.uk/news/warnings/fx-plus,"['www.fxsp500.com, https://fxplus.pro/']"
341,Taco Forex,https://www.fca.org.uk/news/warnings/taco-forex,['www.tacoforex.com']
342,NAB Crypto,https://www.fca.org.uk/news/warnings/nab-crypto,['https://www.nabcrypto.io/']
343,DTPFX LTD,https://www.fca.org.uk/news/warnings/dtpfx-ltd,['https://dtpfxltd.com/']
344,MATRIXINVESTMENT,https://www.fca.org.uk/news/warnings/matrixinvestment,['www.matrixinvestment.org']
345,PREMIUMOPTIONFXPRO,https://www.fca.org.uk/news/warnings/premiumoptionfxpro,['www.premiumoptionfxpro.com']
346,Timeline Investment,https://www.fca.org.uk/news/warnings/timeline-investment,['www.timelineinvestment.uk']
347,SR TRADE FOREX,https://www.fca.org.uk/news/warnings/sr-trade-forex,['https://srtradeforex.com/']
348,Orbit FX Trading,https://www.fca.org.uk/news/warnings/orbit-fx-trading,['www.orbitfxtrading.com']
349,FIRST RATE CRYPTO,https://www.fca.org.uk/news/warnings/first-rate-crypto,['www.firstratecrypto.com']
350,CRYPTO-NETWORK LTD,https://www.fca.org.uk/news/warnings/crypto-network-ltd,['www.crypto-network.cloud']
351,Ultimate FX Expert,https://www.fca.org.uk/news/warnings/ultimate-fx-expert,['www.ulfx-expert.online']
352,Binary Invest Traders,https://www.fca.org.uk/news/warnings/binary-invest-traders,['www.binaryinvesttraders.com']
353,CRYPTO PREMIER MINING,https://www.fca.org.uk/news/warnings/crypto-premier-mining,['https://cryptopremiermining.com/']
354,REVOLUT TRADE HUB INC,https://www.fca.org.uk/news/warnings/revolut-trade-hub-inc,['www.rvtradehub.com']
357,ALTPROFX,https://www.fca.org.uk/news/warnings/altprofx,['https://altprofx.org/']
358,MEGATRADE,https://www.fca.org.uk/news/warnings/megatrade,['www.myonefx.com']
359,BEXCAPITALFX,https://www.fca.org.uk/news/warnings/bexcapitalfx,['www.bexcapitalfx.com']
360,CRYPTOXTRADES,https://www.fca.org.uk/news/warnings/cryptoxtrades,['https://cryptoxtrades.com/']
361,Forex Kickstarters,https://www.fca.org.uk/news/warnings/forex-kickstarters,['www.forexkickstarters.com']
362,FASTEARNERSFXOPTIONTRADE,https://www.fca.org.uk/news/warnings/fastearnersfxoptiontrade,['https://fastearnersfxoptiontrade.com/']
363,FX Smart Traders,https://www.fca.org.uk/news/warnings/fx-smart-traders,['www.fxsmarttraders.com']
364,EURIZON CAPITAL INVESTMENT,https://www.fca.org.uk/news/warnings/eurizon-capital-investment,['www.eurizoncapitalinvest.com']
365,RUMFORD CAPITAL MANAGEMENT GROUP,https://www.fca.org.uk/news/warnings/rumford-capital-management-group,"['www.rumfordcapitalmanagementgroup.com, www.rumfordcapitalmanagement.com']"
367,9DAYFX,https://www.fca.org.uk/news/warnings/9dayfx,['www.9dayfx.com']
368,FOREXTRO,https://www.fca.org.uk/news/warnings/forextro,['www.forextros.com']
369,BINANCEINVEST,https://www.fca.org.uk/news/warnings/binanceinvest,['www.binanceinvest.ltd']
370,HonorFinance,https://www.fca.org.uk/news/warnings/honorfinance,['www.honorfinance.co.uk']
372,NoCreditCheckLoans,https://www.fca.org.uk/news/warnings/nocreditcheckloans,['www.nocreditcheckloans.co.uk']
373,SKYLARK FX MARKET,https://www.fca.org.uk/news/warnings/skylark-fx-market,['www.scfxmarket.com']
376,SUPERFXTRADES,https://www.fca.org.uk/news/warnings/superfxtrades,['https://superfxtrades.com/']
377,CRYPTOEDGEPREMIUM,https://www.fca.org.uk/news/warnings/cryptoedgepremium,['https://cryptoedgepremium.com/']
378,UKPOWER-NETWORKS.com,https://www.fca.org.uk/news/warnings/ukpower-networkscom,['www.ukpower-networks.com']
379,Dolson Capital Management,https://www.fca.org.uk/news/warnings/dolson-capital-management,['www.dolsoncapitalmgt.com']
380,BITCLUB NETWORKING FX TRADING,https://www.fca.org.uk/news/warnings/bitclub-networking-fx-trading,['www.bitclubnetworkingfxtrading.com']
381,ICG24,https://www.fca.org.uk/news/warnings/icg24,['https://icg24.com/']
382,LIVEFX,https://www.fca.org.uk/news/warnings/livefx,['www.livefx.online']
383,SMARTFXCAPITALS,https://www.fca.org.uk/news/warnings/smartfxcapitals,['https://Smartfxcapitals.com']
384,cryptofxexperts,https://www.fca.org.uk/news/warnings/cryptofxexperts,['www.cryptofxexperts.online']
386,FORTECAPITALINVEST,https://www.fca.org.uk/news/warnings/fortecapitalinvest,['https://fortecapitalinvest.com/']
387,HORIZON CRYPTO LIMITED,https://www.fca.org.uk/news/warnings/horizon-crypto-limited,['https://horizoncrypto.ltd/']
388,BROWNRIDGE CAPITAL ASSET MANAGEMENT,https://www.fca.org.uk/news/warnings/brownridge-capital-asset-management,['http://brownridgecapasset.com/']
390,Elite-bonds.com,https://www.fca.org.uk/news/warnings/elite-bondscom,['Elite-bonds.com']
391,LETS COMPARE 4 YOU,https://www.fca.org.uk/news/warnings/lets-compare-4-you,['www.letscompare4you.com']
392,MTH Investments Financial,https://www.fca.org.uk/news/warnings/mth-investments-financial,['mthinvestment.com']
393,BBanc,https://www.fca.org.uk/news/warnings/bbanc,['www.bbanc.com']
394,Varliant FX,https://www.fca.org.uk/news/warnings/varliant-fx,['www.varliantfx.com']
395,Longview Financial Services,https://www.fca.org.uk/news/warnings/longview-financial-services,"['longviewfsuk.com, longviewfsuk.co.uk']"
397,MARKETFXM,https://www.fca.org.uk/news/warnings/marketfxm,['www.marketfxm.com']
398,FUNDRISE GLOBAL,https://www.fca.org.uk/news/warnings/fundrise-global,['https://fundrise-globalinvest.com/']
399,JKMT Trading Ltd,https://www.fca.org.uk/news/warnings/jkmt-trading-ltd,"['https://www.jkmt.online/, https://www.facebook.com/Javed.Khan.1998']"
402,INVESTMENT GROUP,https://www.fca.org.uk/news/warnings/investment-group,['https://email.investment-group.co.uk/invest-mail']
403,Winnex Primemarkets Online,https://www.fca.org.uk/news/warnings/winnex-primemarkets-online,['www.winnex-primemarkets.online']
405,US International Escrow Commission,https://www.fca.org.uk/news/warnings/us-international-escrow-commission,['www.usiec.org']
406,bitfxtradez,https://www.fca.org.uk/news/warnings/bitfxtradez,['https://bitfxtradez.online/']
407,AIS Insurance,https://www.fca.org.uk/news/warnings/ais-insurance,['www.aisinsurances.co.uk']
408,Fraud Solutions,https://www.fca.org.uk/news/warnings/fraud-solutions,['fraud-solutions.net']
409,M24 MARKETS,https://www.fca.org.uk/news/warnings/m24-markets,['www.m24markets.com']
410,fxguaranteeoptions,https://www.fca.org.uk/news/warnings/fxguaranteeoptions,['www.fxguaranteeoptions.com']
411,Cash and You,https://www.fca.org.uk/news/warnings/cash-and-you,['www.cashandyou.co.uk']
412,Bitcoin Vault,https://www.fca.org.uk/news/warnings/bitcoin-vault,['https://bitcoinvault.global/']
413,UK Claims Direct,https://www.fca.org.uk/news/warnings/uk-claims-direct,['https://ukclaimsdirect.com/']
414,IVA Advice,https://www.fca.org.uk/news/warnings/iva-advice,['https://www.iva-advice.co/']
415,Safe Debts,https://www.fca.org.uk/news/warnings/safe-debts,['www.safedebts.co.uk']
416,Omni Claim,https://www.fca.org.uk/news/warnings/omni-claim,['www.omniclaim.co.uk']
418,Claim Justice Ltd,https://www.fca.org.uk/news/warnings/claim-justice-ltd,"['www.claim-justice.com, www.claimjustice.com']"
420,Faberton Financial Services LLC,https://www.fca.org.uk/news/warnings/faberton-financial-services-llc,['www.fabertonfinancialservices.com']
421,Hong Kong Selead Group Limited,https://www.fca.org.uk/news/warnings/hong-kong-selead-group-limited,['https://hkselead.com/']
424,Flamingo Loans,https://www.fca.org.uk/news/warnings/flamingo-loans,['www.flamingoloans.uk']
425,FundsBack Ltd,https://www.fca.org.uk/news/warnings/fundsback-ltd,"['www.fundsback-law.com, www.tfr-payback.com']"
426,Trading Space UK Ltd,https://www.fca.org.uk/news/warnings/trading-space-uk-ltd,['https://tradingspace.pro/']
427,Prime Coin,https://www.fca.org.uk/news/warnings/prime-coin,['https://prime-coin.live/']
428,ETH Profits,https://www.fca.org.uk/news/warnings/eth-profits,['ethprofits.com']
429,Hash Miner Ltd,https://www.fca.org.uk/news/warnings/hash-miner-ltd,"['hashminer.io, hashminer.io']"
430,Aurat Capital Ltd,https://www.fca.org.uk/news/warnings/aurat-capital-ltd,['auratcapital.com']
434,Union Capital Company,https://www.fca.org.uk/news/warnings/union-capital-company,['https://unioncapital.eu/']
435,Salem Trading Services,https://www.fca.org.uk/news/warnings/salem-trading-services,['www.salemtradingservices.com']
436,OBGFX,https://www.fca.org.uk/news/warnings/obgfx,"['https://obgfx.cc/, https://obgfx.net/']"
438,starling-bonds.com,https://www.fca.org.uk/news/warnings/starling-bondscom,['www.starling-bonds.com']
439,LX Profit Ltd,https://www.fca.org.uk/news/warnings/lx-profit-ltd,['https://lxprofit.com/']
440,YABO Market Limited,https://www.fca.org.uk/news/warnings/yabo-market-limited,['yabomarket.com']
441,Lex Financial Limited,https://www.fca.org.uk/news/warnings/lex-financial-limited,['https://lex-financial.org/']
442,MOORELAND ADVISORS LLC,https://www.fca.org.uk/news/warnings/mooreland-advisors-llc,['http://moorelandadvisors.com/']
443,Clear Loan,https://www.fca.org.uk/news/warnings/clear-loan,['www.clearloan.co.uk']
444,First National Bank Plc,https://www.fca.org.uk/news/warnings/first-national-bank-plc,['https://www.fnf-uk.com/']
445,Cryptofxtrading,https://www.fca.org.uk/news/warnings/cryptofxtrading,['cryptofxtrading.net']
446,WHITEWELL CAPITAL MANAGEMENT INC,https://www.fca.org.uk/news/warnings/whitewell-capital-management-inc,['http://whitewellcapitalmgt.com/']
447,CRYPTOFINACLETRADE,https://www.fca.org.uk/news/warnings/cryptofinacletrade,['www.cryptofinacletrade.com']
448,CRYPTOPOPINVESTMENT,https://www.fca.org.uk/news/warnings/cryptopopinvestment,['www.cryptopopinvestment.com']
449,Clinton Associates LLC,https://www.fca.org.uk/news/warnings/clinton-associates-llc,['www.clintonassociatesllc.com']
450,Wixi,https://www.fca.org.uk/news/warnings/wixi,['https://wixi.io/']
451,Cryptotechuniverse,https://www.fca.org.uk/news/warnings/cryptotechuniverse,['https://cryptotechuniverse.com/']
452,crypto-x-options,https://www.fca.org.uk/news/warnings/crypto-x-options,['www.crypto-x-options.com']
453,First Infinity Loans,https://www.fca.org.uk/news/warnings/first-infinity-loans,['www.firstinfinityloans.co.uk']
454,Crypto defi Management,https://www.fca.org.uk/news/warnings/crypto-defi-management,['https://cryptodefimgt.com/']
458,Reclaim Experts,https://www.fca.org.uk/news/warnings/reclaim-experts,['https://www.reclaimexperts.co.uk/']
460,Refundex,https://www.fca.org.uk/news/warnings/refundex,['www.refundex.io']
461,Claims Advisory Service,https://www.fca.org.uk/news/warnings/claims-advisory-service,['http://www.claimsadvisoryservice.co.uk/']
462,ABILITY CORPORATE ADVISORY,https://www.fca.org.uk/news/warnings/ability-corporate-advisory,['https://abilitycorporateadvisory.com/']
465,Click Money,https://www.fca.org.uk/news/warnings/click-money,"['click-moneysystem.com, yanftd.fun, tapmark.icu']"
466,Underwood Consultancy LLC,https://www.fca.org.uk/news/warnings/underwood-consultancy-llc,"['https://underwoodconsultancyllc.com, http://underwoodconsultancy.com']"
468,Reliable Mega Options Trade,https://www.fca.org.uk/news/warnings/reliable-mega-options-trade,['https://reliablemegaoptionstrade.com']
469,Ettizon and Payne Capital Partners LLC,https://www.fca.org.uk/news/warnings/ettizon-and-payne-capital-partners-llc,['www.ettizonandpayne.com']
471,CLARIDGE CONSULTANCY GROUP,https://www.fca.org.uk/news/warnings/claridge-consultancy-group,['http://www.claridgeconsultancygrp.com/']
472,WADDELL AND REED ASSOCIATES,https://www.fca.org.uk/news/warnings/waddell-and-reed-associates,"['http://Www.waddellandreedassociate.com, www.waddellandreedassoc.com']"
474,Safe Claims Ltd,https://www.fca.org.uk/news/warnings/safe-claims-ltd,['www.safeclaims.co.uk']
475,MEDTECH ACQUISITIONS,https://www.fca.org.uk/news/warnings/medtech-acquisitions,['http://medtecacquistioncorp.com/']
476,360 GLOBAL CAPITAL LLC,https://www.fca.org.uk/news/warnings/360-global-capital-llc,['https://360globalcapitalllc.com/']
477,Europa Trade Capital,https://www.fca.org.uk/news/warnings/europa-trade-capital,"['www.europatradecapital.com, www.europatradecapital.co, https://europatradingcapital.com/, https://europatradecapital.io']"
479,Amey Finance Academy Ltd,https://www.fca.org.uk/news/warnings/amey-finance-academy-ltd,['www.ameyfinance.com']
480,AFX Trade LLC,https://www.fca.org.uk/news/warnings/afx-trade-llc,['https://afxtrader.com/']
481,legitimatebitcoin.com,https://www.fca.org.uk/news/warnings/legitimatebitcoincom,['https://legitimatebitcoin.com']
482,Trustfundfx,https://www.fca.org.uk/news/warnings/trustfundfx,['trustfundfx.tech']
483,AstroFXbtcm,https://www.fca.org.uk/news/warnings/astrofxbtcm,['astrofxbtcm.com']
484,cryptomineroptions,https://www.fca.org.uk/news/warnings/cryptomineroptions,['cryptomineroptions.com']
485,VISTRA ADVISORS LLC,https://www.fca.org.uk/news/warnings/vistra-advisors-llc,['www.vistraadvisorsllc.com']
486,CRYPTO STOCKS FX TRADE,https://www.fca.org.uk/news/warnings/crypto-stocks-fx-trade,['https://www.cryptostocksfx.com/']
487,ECHELONFXINTL,https://www.fca.org.uk/news/warnings/echelonfxintl,['https://echelonfxintl.ltd/']
488,premiumfx.world,https://www.fca.org.uk/news/warnings/premiumfxworld,['premiumfx.world']
489,INSTANTPREMIERFX,https://www.fca.org.uk/news/warnings/instantpremierfx,['https://instantpremierfx.info/']
490,Forex Trade Inc,https://www.fca.org.uk/news/warnings/forex-trade-inc,['forextradeinc.com']
493,MASAO VENTURES,https://www.fca.org.uk/news/warnings/masao-ventures,['https://www.masaoventures.com/']
494,SHOJI CAPITAL PARTNERS,https://www.fca.org.uk/news/warnings/shoji-capital-partners,"['https://shojipartners.com/index.html, https://cii-jp.org/']"
495,fxprocapital,https://www.fca.org.uk/news/warnings/fxprocapital,['fxprocapital.org']
496,247FX TRADE,https://www.fca.org.uk/news/warnings/247fx-trade,['https://247fxtrade.net/']
497,CRYPTO MESSIAH,https://www.fca.org.uk/news/warnings/crypto-messiah,['http://crypto-messiah.org/']
498,BEYOND OPTION FX,https://www.fca.org.uk/news/warnings/beyond-option-fx,['https://beyondoptionfx.com/']
499,EMPIRES TRADE FX,https://www.fca.org.uk/news/warnings/empires-trade-fx,['https://empirestradefx.com/']
500,REAL CRYPTO TRADERS INC,https://www.fca.org.uk/news/warnings/real-crypto-traders-inc,['www.realcryptotraders.com']
503,SHOAIBCRYPTO,https://www.fca.org.uk/news/warnings/shoaibcrypto,['http://shoaibcrypto.online/']
504,Amicus Investment Ltd,https://www.fca.org.uk/news/warnings/amicus-investment-ltd,['https://amicusinvest.com/']
505,CLYBOURNE CONSULTING GROUP LLC,https://www.fca.org.uk/news/warnings/clybourne-consulting-group-llc,['http://clybourneconsultinggroup.com/index.html']
507,Roche and Woltz Management Group,https://www.fca.org.uk/news/warnings/roche-and-woltz-management-group,['http://rocheandwoltz.com/']
508,Refund Services,https://www.fca.org.uk/news/warnings/refund-services,['https://refundservices.net']
509,CRYTOCIANS CC,https://www.fca.org.uk/news/warnings/crytocians-cc,['www.cryptocians.online']
510,FOREX EA ZONE,https://www.fca.org.uk/news/warnings/forex-ea-zone,['http://forexeazone.com/']
511,FIVESTAR PROFIT FX TRADE,https://www.fca.org.uk/news/warnings/fivestar-profit-fx-trade,['https://fivestarprofitfxtrade.com/']
512,HOBITAL FX TRADE,https://www.fca.org.uk/news/warnings/hobital-fx-trade,['http://hobitalfxtrade.com/']
513,NET-TRADERSFX LTD,https://www.fca.org.uk/news/warnings/net-tradersfx-ltd,['www.net-tradersfx.org']
515,Dakken Group,https://www.fca.org.uk/news/warnings/dakken-group,['dakkengroup.com']
516,CRYPTOBTCEARNER,https://www.fca.org.uk/news/warnings/cryptobtcearner,['https://cryptobtcearner.com/']
517,BITMINEFX TRADE,https://www.fca.org.uk/news/warnings/bitminefx-trade,['https://bitminefxtrd.com/']
518,CRYPTOBLOCKCYPHER,https://www.fca.org.uk/news/warnings/cryptoblockcypher,['https://cryptoblockcypher.com/']
519,CRYPTOCAVES.NET LTD,https://www.fca.org.uk/news/warnings/cryptocavesnet-ltd,['https://cryptocaves.net/?a=home']
520,Bistra Advisors LLC,https://www.fca.org.uk/news/warnings/bistra-advisors-llc,['www.BistraAdvisorsLLC.com']
521,CRYPTO EVOLUTION TEAM,https://www.fca.org.uk/news/warnings/crypto-evolution-team,['https://cryptoevolution.team/']
522,4XLIMITED,https://www.fca.org.uk/news/warnings/4xlimited,['www.4xlimited.com']
523,4XEMPIRES,https://www.fca.org.uk/news/warnings/4xempires,['https://www.4xempires.com/']
524,OPQUALITYSIGNALS360,https://www.fca.org.uk/news/warnings/opqualitysignals360,['www.opqualitysignals360.com']
525,GOLDDEALFX.COM,https://www.fca.org.uk/news/warnings/golddealfxcom,['www.golddealfx.com']
526,CRYPTO WEALTH INVESTMENT,https://www.fca.org.uk/news/warnings/crypto-wealth-investment,['https://crypto-wealthinvestment.com/']
527,GLENCO CAPITAL INVESTMENT,https://www.fca.org.uk/news/warnings/glenco-capital-investment,['https://glenco-capitalinvestment.biz/']
529,CRYPTOFXBIT,https://www.fca.org.uk/news/warnings/cryptofxbit,['https://cryptofxbitcoinminners.com/#']
530,Global Incomebase Ltd,https://www.fca.org.uk/news/warnings/global-incomebase-ltd,['www.global-incomebase.ltd']
532,MYCRYPTOWORKS,https://www.fca.org.uk/news/warnings/mycryptoworks,['https://mycryptoworks.com/']
533,CRYPTOUPDATE24,https://www.fca.org.uk/news/warnings/cryptoupdate24,['WWW.CRYPTO-UPDATE24.COM']
534,SAXOFX-24,https://www.fca.org.uk/news/warnings/saxofx-24,['www.saxofx-24.com']
535,SRFX TRADES,https://www.fca.org.uk/news/warnings/srfx-trades,['https://srfxtrades.com/']
537,META CRYPTO MINING,https://www.fca.org.uk/news/warnings/meta-crypto-mining,['https://metacryptomining.online/']
538,FOREX EXPRESS ROBOT,https://www.fca.org.uk/news/warnings/forex-express-robot,['https://forexexpressrobot.com/']
539,CRYPTO FUTURE INVEST,https://www.fca.org.uk/news/warnings/crypto-future-invest,['https://cryptofuture-invest.ltd/']
540,EQUITY INNOVATION MARKETS,https://www.fca.org.uk/news/warnings/equity-innovation-markets,['www.equity-innovationmarkets.online']
541,CRYPTOCOIN-CASH LIMITED,https://www.fca.org.uk/news/warnings/cryptocoin-cash-limited,['www.cryptocoin-cash.ltd']
542,Chartwell Advisors LLC,https://www.fca.org.uk/news/warnings/chartwell-advisors-llc,"['http://www.chartwelladvllc.com/, http://www.chartwelladvll.com/']"
544,RSI-FX,https://www.fca.org.uk/news/warnings/rsi-fx,['https://www.rsi-fx.com/']
545,ACECRYPTOMINING,https://www.fca.org.uk/news/warnings/acecryptomining,['www.acecryptomining.com']
546,BIT-CASHFX,https://www.fca.org.uk/news/warnings/bit-cashfx,['https://bit-cashfx.ltd/']
547,FINANCEDFXTRADES,https://www.fca.org.uk/news/warnings/financedfxtrades,['https://financedfxtrades.com/']
548,CRYPTFX GAIN,https://www.fca.org.uk/news/warnings/cryptfx-gain,['www.cryptfxgain.com']
549,FOREXGLOBALCAP.COM,https://www.fca.org.uk/news/warnings/forexglobalcapcom,['https://forexglobalcap.com/']
550,DEBTFREE CRYPTO,https://www.fca.org.uk/news/warnings/debtfree-crypto,['https://debtfree-crypto.com/']
551,CRYPTO FX FINANCE,https://www.fca.org.uk/news/warnings/crypto-fx-finance,['www.cryptofxsfinance.com']
552,CRYPTO FX ASSET TRADE,https://www.fca.org.uk/news/warnings/crypto-fx-asset-trade,['https://cryptofxasset.trade/']
554,BROKER IQ,https://www.fca.org.uk/news/warnings/broker-iq,['www.brokeriq.io']
555,CIBfx,https://www.fca.org.uk/news/warnings/cibfx,['https://cibfx.com/']
556,GULFBULLS,https://www.fca.org.uk/news/warnings/gulfbulls,['https://www.gulfbulls.com/']
557,PROFIT FX,https://www.fca.org.uk/news/warnings/profit-fx,['https://profitfx.uk/']
558,ProfitFX Pro,https://www.fca.org.uk/news/warnings/profitfx-pro,['https://profitfxpro.com/']
559,FAIDA EQUITY,https://www.fca.org.uk/news/warnings/faida-equity,['https://faidaequity.com/']
560,StatCoin Trade,https://www.fca.org.uk/news/warnings/statcoin-trade,['https://statcointrade.com/index.html']
563,FXHODL,https://www.fca.org.uk/news/warnings/fxhodl,['www.fxhodl.com']
564,FXCROP,https://www.fca.org.uk/news/warnings/fxcrop,['www.fxcrop.com']
565,FXPROEARNTRADE,https://www.fca.org.uk/news/warnings/fxproearntrade,['www.fxproearntrade.com']
566,DERBY FX,https://www.fca.org.uk/news/warnings/derby-fx,['www.derbyfx243.com']
567,EJ Markets,https://www.fca.org.uk/news/warnings/ej-markets,['www.ejmarkets.com']
568,DIGITALGLOBALFX.NET,https://www.fca.org.uk/news/warnings/digitalglobalfxnet,['www.digitalglobalfx.net']
569,FOREX EXCHANGE TRADE,https://www.fca.org.uk/news/warnings/forex-exchange-trade,['www.forex-exchangetrade.com']
570,ARFOREXTRADING,https://www.fca.org.uk/news/warnings/arforextrading,['www.arforextrading.com']
571,CONSULT FOREX,https://www.fca.org.uk/news/warnings/consult-forex,['www.consultforex.com']
572,CAPITAL FOREXLIVE,https://www.fca.org.uk/news/warnings/capital-forexlive,['www.capital-forexlive.com']
573,CAPITAL FOREX PLUS,https://www.fca.org.uk/news/warnings/capital-forex-plus,['www.capitalforexplus.com']
574,CRYPTO INVESTMENT SOLUTIONS,https://www.fca.org.uk/news/warnings/crypto-investment-solutions,['https://cryptoinvestmentsolutionsltd.com/']
576,BITPROINVEST,https://www.fca.org.uk/news/warnings/bitproinvest,['www.bitproinvest.com']
577,DCP Consultants,https://www.fca.org.uk/news/warnings/dcp-consultants,['www.dcpjapan.com']
579,CRYPTO OPTION,https://www.fca.org.uk/news/warnings/crypto-option,['WWW.CRYPTOOPTION.PRO']
580,CRYPTO-SMARTCHAIN,https://www.fca.org.uk/news/warnings/crypto-smartchain,['www.crypto-smartchain.com']
581,Superior Chargeback,https://www.fca.org.uk/news/warnings/superior-chargeback,['https://superiorchargeback.org']
582,CRYPTOFXFASTMININGS.ONLINE,https://www.fca.org.uk/news/warnings/cryptofxfastminingsonline,['www.cryptofxfastminings.online']
583,CRYPTOFIRSTFXMINERS.ONLINE,https://www.fca.org.uk/news/warnings/cryptofirstfxminersonline,['www.cryptofirstfxminers.online']
584,CRYPTOINVESTMENT LIMITED,https://www.fca.org.uk/news/warnings/cryptoinvestment-limited,['www.cryptoinvestment.ltd']
585,UK RATES COMPARED,https://www.fca.org.uk/news/warnings/uk-rates-compared,['https://ukratescompared.com/']
586,BESTRATES-4-U.COM,https://www.fca.org.uk/news/warnings/bestrates-4-ucom,['https://www.bestrates-4-u.com']
587,Hencewood Capital Consultancy LLC,https://www.fca.org.uk/news/warnings/hencewood-capital-consultancy-llc,['www.hencewoodcapconsultancy.com']
588,Campbelton Corporate Partners LLC,https://www.fca.org.uk/news/warnings/campbelton-corporate-partners-llc,['CampbeltonCorppartners.com']
589,Thomson Venture Capital Partners,https://www.fca.org.uk/news/warnings/thomson-venture-capital-partners,['www.thomsonventurecapital.com']
590,Superether,https://www.fca.org.uk/news/warnings/superether,['https://superether.io']
591,CRYPTOLITEPROFIT,https://www.fca.org.uk/news/warnings/cryptoliteprofit,['https://cryptoliteprofit.com/']
592,CRYPTO TRADING SIGNALS,https://www.fca.org.uk/news/warnings/crypto-trading-signals,['https://crypto-trd.com/']
593,FOREX INDICATORS MARKET,https://www.fca.org.uk/news/warnings/forex-indicators-market,['https://forexindicatorsmarket.com/']
596,MaxFxFinPro,https://www.fca.org.uk/news/warnings/maxfxfinpro,['https://maxfxfinpro.com/']
599,Blackpoint Advisors LLC,https://www.fca.org.uk/news/warnings/blackpoint-advisors-llc,['www.blackptadvisors.com']
601,Zetbull Ltd,https://www.fca.org.uk/news/warnings/zetbull-ltd,"['www.zetbull.com, www.zetbull.biz']"
602,CRYPTO PRIME,https://www.fca.org.uk/news/warnings/crypto-prime,['https://cryptoprimeltd.com/']
603,CRYPTOGAINTRADING,https://www.fca.org.uk/news/warnings/cryptogaintrading,['https://cryptogaintrading.com']
604,CRYPTOMININGSTREAM,https://www.fca.org.uk/news/warnings/cryptominingstream,['https://cryptominingstream.com/']
606,Beneffx,https://www.fca.org.uk/news/warnings/beneffx,['https://www.beneffx.com']
607,TRADER HOUSE,https://www.fca.org.uk/news/warnings/trader-house,['https://traderhouse.com']
609,CRYPTOVEST,https://www.fca.org.uk/news/warnings/cryptovest,['www.cryptovest.host']
610,UPCRYPTOVEST,https://www.fca.org.uk/news/warnings/upcryptovest,['www.upcryptovest.com']
611,CRYPTOWIN TRADING,https://www.fca.org.uk/news/warnings/cryptowin-trading,['www.cryptowintrading.com']
612,GLOBALCRYPTOALLIANCE.LTD,https://www.fca.org.uk/news/warnings/globalcryptoallianceltd,['www.globalcryptoalliance.ltd']
613,CRYPTO BOT OPTIONS,https://www.fca.org.uk/news/warnings/crypto-bot-options,"['www.cryptobotoption.com, www.cryptobotoptions.com']"
614,COVINGTON ADVISORS LLC,https://www.fca.org.uk/news/warnings/covington-advisors-llc,['www.covingtonadvisorsllc.com']
615,ULTRA-COINBASE LTD,https://www.fca.org.uk/news/warnings/ultra-coinbase-ltd,"['https://global-crypto-expert.online/, www.globalcryptomart.xyz']"
616,CRYPTON CAPITAL INVEST LIMITED,https://www.fca.org.uk/news/warnings/crypton-capital-invest-limited,['www.cryptoncapitalinvest.com']
617,CRYPTO CURRENCY TRADING LIMITED,https://www.fca.org.uk/news/warnings/crypto-currency-trading-limited,['www.cryptocurrencytradinglimited.com']
618,Trengrove Corporate Partners,https://www.fca.org.uk/news/warnings/trengrove-corporate-partners,['www.trengrovecorporatepartners.com']
619,Ratner Harwood and Associates LLC,https://www.fca.org.uk/news/warnings/ratner-harwood-and-associates-llc,['www.ratner-harwood.com']
620,Henderson and James Equity Management,https://www.fca.org.uk/news/warnings/henderson-and-james-equity-management,['www.hendersonandjamesequitymanagementllc.com']
621,CFX GOLDEN TRADE,https://www.fca.org.uk/news/warnings/cfx-golden-trade,['www.cfxgoldentrade.com']
622,TRADERS-INCOME LTD,https://www.fca.org.uk/news/warnings/traders-income-ltd,['www.traders-income.ltd']
623,CRYPTOMARKET INTERNATIONAL,https://www.fca.org.uk/news/warnings/cryptomarket-international,['www.cryptomarket.international']
624,AUXI MARKET,https://www.fca.org.uk/news/warnings/auxi-market,['https://auximarket.com/']
625,AFW Associates LLC,https://www.fca.org.uk/news/warnings/afw-associates-llc,['www.afwassociatesllc.com']
626,AOL GLOBAL INVESTMENT CAPITAL LTD,https://www.fca.org.uk/news/warnings/aol-global-investment-capital-ltd,['www.aolinvestmentcapital.com']
627,CRYPTOPREMIUM247,https://www.fca.org.uk/news/warnings/cryptopremium247,['www.cryptopremium247.com']
628,CRYPTOCOIN-EXPLORER.QUEST,https://www.fca.org.uk/news/warnings/cryptocoin-explorerquest,['www.cryptocoin-explorer.quest']
630,ONLINE TRADER,https://www.fca.org.uk/news/warnings/online-trader,"['www.franklintempletoninvestment.com, www.coinfxin.com, www.crypto-bitplus.com, www.cryptobitway.com, www.crypto-trade360.online, www.raflesiacrypto.com, www.huttencfxltd.com, www.bit-fxoptions.com, www.bittko.com, www.gomafx.com, www.calpitalplusfx.com, www.swiftfxtradepro.com']"
631,METAFXTRADERS,https://www.fca.org.uk/news/warnings/metafxtraders,['www.metafxtraders.com']
632,CRYPTOMATRIX362,https://www.fca.org.uk/news/warnings/cryptomatrix362,['www.cryptomatrix362.com']
633,CRYPTO-BTC.INFO,https://www.fca.org.uk/news/warnings/crypto-btcinfo,['https://crypto-btc.info/']
634,MININGBTCFXTRADERS.ONLINE,https://www.fca.org.uk/news/warnings/miningbtcfxtradersonline,['www.miningbtcfxtraders.online']
635,CRYPTOFXFASTMINERS.ONLINE,https://www.fca.org.uk/news/warnings/cryptofxfastminersonline,['www.cryptofxfastminers.online']
636,GLOBELFX,https://www.fca.org.uk/news/warnings/globelfx,['https://globelfx.com/']
637,easytrade.io,https://www.fca.org.uk/news/warnings/easytradeio,['www.EasyTrade.io']
638,KUFIN LIMITED,https://www.fca.org.uk/news/warnings/kufin-limited,['www.kufinlimited.com']
639,CRYPTO BROKER,https://www.fca.org.uk/news/warnings/crypto-broker,['https://cryptobroker.ltd/']
640,CRYPTO MAKER INVEST,https://www.fca.org.uk/news/warnings/crypto-maker-invest,['https://cryptomakerinvest.com']
642,CRYPTO COINS TRADERS,https://www.fca.org.uk/news/warnings/crypto-coins-traders,['www.cryptocoins-traders.com']
644,VARIETYFX,https://www.fca.org.uk/news/warnings/varietyfx,"['www.cradlefx.com, www.varietyfx.net']"
645,EXPERTBINARYTRADE,https://www.fca.org.uk/news/warnings/expertbinarytrade,['www.cryptofxbinary.com']
646,CRYPTOPRIMETRADING,https://www.fca.org.uk/news/warnings/cryptoprimetrading,['www.cryptoprimetrading.com']
647,METAGOLD CAPITAL,https://www.fca.org.uk/news/warnings/metagold-capital,['www.metagoldcapital.com']
648,KURDISTANFOREX LTD,https://www.fca.org.uk/news/warnings/kurdistanforex-ltd,['www.kurdistanforex.com']
649,PRB CAPITALS LTD,https://www.fca.org.uk/news/warnings/prb-capitals-ltd,"['www.prbcapitals.com, www.prbcapitalltd.com']"
650,Daimon Capital Partners,https://www.fca.org.uk/news/warnings/daimon-capital-partners,['https://daimoncapital.com/']
651,Lexington Plus,https://www.fca.org.uk/news/warnings/lexington-plus,['www.lexingtonplus.com']
653,CRYPTOFA,https://www.fca.org.uk/news/warnings/cryptofa,['www.cryptofa.online']
654,KCRYPTOPROJECT,https://www.fca.org.uk/news/warnings/kcryptoproject,['www.kcryptoproject.com']
655,CRYPTODESKTRADING,https://www.fca.org.uk/news/warnings/cryptodesktrading,['www.cryptodesktrading.online']
656,CRYPTO FINANCE,https://www.fca.org.uk/news/warnings/crypto-finance,['www.cryptofinancepips.com']
657,CRYPTOCURRENCYXPRESS,https://www.fca.org.uk/news/warnings/cryptocurrencyxpress,['www.cryptocurrencyxpress.com']
658,Biggest Investment Group,https://www.fca.org.uk/news/warnings/biggest-investment-group,['www.forexbigroup.com']
659,GENIUS ASSETS CAPITAL LIMITED,https://www.fca.org.uk/news/warnings/genius-assets-capital-limited,['www.geniusassetcapital.com']
660,CRYPTODESIREE,https://www.fca.org.uk/news/warnings/cryptodesiree,['www.cryptodesiree.com']
661,CRYPTOCKLIMITED,https://www.fca.org.uk/news/warnings/cryptocklimited,['www.cryptocklimited.com']
662,STOCKFOREXTRADE,https://www.fca.org.uk/news/warnings/stockforextrade,['www.stockforextrade.com']
663,GREENSTONE-ASSETS LTD,https://www.fca.org.uk/news/warnings/greenstone-assets-ltd,['www.greenstone-assets.ltd']
664,ECRYPTOFUTURE,https://www.fca.org.uk/news/warnings/ecryptofuture,['https://ecryptofuture.com/']
665,DELUXE COIN FX,https://www.fca.org.uk/news/warnings/deluxe-coin-fx,['https://deluxecoinfx.com/']
666,SPOT MINING FX,https://www.fca.org.uk/news/warnings/spot-mining-fx,['https://spotminingfx.online/']
667,Scam Consulting SCC,https://www.fca.org.uk/news/warnings/scam-consulting-scc,['https://scamconsulting.com/']
668,WINGS FX,https://www.fca.org.uk/news/warnings/wings-fx,['https://wingsfxtrade.com/']
669,Ask Funding,https://www.fca.org.uk/news/warnings/ask-funding,['https://askfunding.co.uk/']
670,Kannon Acquisitions,https://www.fca.org.uk/news/warnings/kannon-acquisitions,['www.kannonacquisitions.com']
671,CRYPTOS COIN TRADERS,https://www.fca.org.uk/news/warnings/cryptos-coin-traders,['https://cryptoscointraders.com/']
672,GLOBAL FX,https://www.fca.org.uk/news/warnings/global-fx,['www.global-fxbinaryoption.com']
673,BAIMAAS FX,https://www.fca.org.uk/news/warnings/baimaas-fx,['www.baimaasfx.com']
674,FXBIT TRADER,https://www.fca.org.uk/news/warnings/fxbit-trader,['www.fxbit-traders.com']
675,CRYPTOVAULTTRADERS,https://www.fca.org.uk/news/warnings/cryptovaulttraders,['www.cryptovaulttraders.com']
676,BTCBOXCRYPTOCURRENCY,https://www.fca.org.uk/news/warnings/btcboxcryptocurrency,['www.btcboxcryptocurrency.com']
677,AUTOFOREX DIRECT,https://www.fca.org.uk/news/warnings/autoforex-direct,['www.afxdt.com']
679,IWL Consulting,https://www.fca.org.uk/news/warnings/iwl-consulting,['www.iwlconsulting.com']
681,CRYPTOPRECO,https://www.fca.org.uk/news/warnings/cryptopreco,['https://cryptopreco.com/']
682,METAVERSEFX,https://www.fca.org.uk/news/warnings/metaversefx,['https://metaversefx.online/']
683,INSTANT-PROFIT-FX.COM,https://www.fca.org.uk/news/warnings/instant-profit-fxcom,['https://instant-profit-fx.com/']
684,FX BIT SIGNALS LTD,https://www.fca.org.uk/news/warnings/fx-bit-signals-ltd,['https://fxbitsignalsltd.com/']
685,Portmann Securities LLC,https://www.fca.org.uk/news/warnings/portmann-securities-llc,"['http://www.portmannsecurities.com/, www.portmansecurities.com']"
686,NIMBLEFXPRO,https://www.fca.org.uk/news/warnings/nimblefxpro,['https://nimblefxpro.com/']
687,BCFXTRADING.NET,https://www.fca.org.uk/news/warnings/bcfxtradingnet,['https://bcfxtrading.net/']
688,UNITED FOREX TRADING,https://www.fca.org.uk/news/warnings/united-forex-trading,['https://unitedfxtrade.xyz/']
689,CALCUXFX,https://www.fca.org.uk/news/warnings/calcuxfx,['https://calcuxfx.com/']
690,CRYPTO PLACE,https://www.fca.org.uk/news/warnings/crypto-place,['https://cryptoplaceltd.com/']
691,Key Trending,https://www.fca.org.uk/news/warnings/key-trending,"['https://www.keytrending.com/, www.key-trending.com']"
692,EXCLUSIVE FOREX TRADING,https://www.fca.org.uk/news/warnings/exclusive-forex-trading,['https://exclusiveforextradings.com/']
693,ASTRO MINING FX TRADES,https://www.fca.org.uk/news/warnings/astro-mining-fx-trades,['https://astrominingfxtrades.com/']
694,CRYPTOVEM,https://www.fca.org.uk/news/warnings/cryptovem,['https://cryptovem.com/']
695,FASTLINKFX,https://www.fca.org.uk/news/warnings/fastlinkfx,['https://fastlinkfx.com/']
696,CRYPTOVITALTRADE,https://www.fca.org.uk/news/warnings/cryptovitaltrade,['https://cryptovitaltrade.com/']
697,CRYPTO ANEX,https://www.fca.org.uk/news/warnings/crypto-anex,['www.cryptoanex.com']
698,Limburg Law,https://www.fca.org.uk/news/warnings/limburg-law,['https://limburglaw.com/']
699,FXCOIN FINANCE,https://www.fca.org.uk/news/warnings/fxcoin-finance,['www.fxcoinfinance.com']
700,DXB FX LTD,https://www.fca.org.uk/news/warnings/dxb-fx-ltd,['www.dxbfxltd.com']
701,ALFREDFXDIGITALTRADE,https://www.fca.org.uk/news/warnings/alfredfxdigitaltrade,['https://alfredfxdigitaltrade.com/']
702,ASTROFXC TRADES,https://www.fca.org.uk/news/warnings/astrofxc-trades,['https://astrofxctrade.com/']
703,INVESTING-OPTIONS.COM,https://www.fca.org.uk/news/warnings/investing-optionscom,['www.investing-options.com']
704,Fast Lend Finance,https://www.fca.org.uk/news/warnings/fast-lend-finance,['www.fastlendfinance.com']
706,HOME CAPITAL TRADING FX,https://www.fca.org.uk/news/warnings/home-capital-trading-fx,['https://homecapitalfx.com/']
707,FX-EXCHANGETRADE,https://www.fca.org.uk/news/warnings/fx-exchangetrade,"['www.fxtradchange.com, www.fx-exchangetrade.com']"
708,REAL FACTOR FX,https://www.fca.org.uk/news/warnings/real-factor-fx,['www.realfactorfx.com']
709,TRUSTEDDIGITAL FXCURRENCY,https://www.fca.org.uk/news/warnings/trusteddigital-fxcurrency,['www.trusteddigital-fxcurrency.online']
710,BEST BANK RATES UK,https://www.fca.org.uk/news/warnings/best-bank-rates-uk,['www.bestbankratesuk.com']
711,Powell Advance Associates,https://www.fca.org.uk/news/warnings/powell-advance-associates,['powelladvanceassoc.com']
712,NOVA TRADING FX INVESTMENT,https://www.fca.org.uk/news/warnings/nova-trading-fx-investment,['www.nova-tradingfx.com']
713,Westwood Global Management LLC,https://www.fca.org.uk/news/warnings/westwood-global-management-llc,['http://westwoodglobalmgmt.com/']
714,FXDAILY,https://www.fca.org.uk/news/warnings/fxdaily,['https://fxdaily.online/']
715,EXPERTFXTRADES,https://www.fca.org.uk/news/warnings/expertfxtrades,['https://expertfxtrades.online/']
716,KIONFX TRADE,https://www.fca.org.uk/news/warnings/kionfx-trade,['https://kionfxtrade.com/']
717,IGENIUSCRYPTOHUB.COM,https://www.fca.org.uk/news/warnings/igeniuscryptohubcom,['https://igeniuscryptohub.com/']
718,SW Acquisition,https://www.fca.org.uk/news/warnings/sw-acquisition,['https://swaquisition.com/']
719,FORTUNE FX ACADEMY,https://www.fca.org.uk/news/warnings/fortune-fx-academy,['https://fortunefxacademy.com/']
720,BITRUN CRYPTO MINING,https://www.fca.org.uk/news/warnings/bitrun-crypto-mining,['https://bitruncryptomining.com/']
721,FERGOFX,https://www.fca.org.uk/news/warnings/fergofx,['www.fergofx.com']
722,ETRADEFXLIVE,https://www.fca.org.uk/news/warnings/etradefxlive,['https://etradefxlive.com/']
723,OCTAFX INC,https://www.fca.org.uk/news/warnings/octafx-inc,['www.octafxinc.com']
724,FXAUTOTRADEPRO,https://www.fca.org.uk/news/warnings/fxautotradepro,['www.fxautotradepro.com']
725,FXSMARTCHAINTRADE,https://www.fca.org.uk/news/warnings/fxsmartchaintrade,['www.fxsmartchaintrade.com']
726,FX SIGNALS PRO,https://www.fca.org.uk/news/warnings/fx-signals-pro,['https://fx-signalspro.com/']
727,CRYPTO VIEW OPTION,https://www.fca.org.uk/news/warnings/crypto-view-option,['https://cryptoviewoption.com/']
728,SUGEXCRYPTOPRO,https://www.fca.org.uk/news/warnings/sugexcryptopro,['https://sugexcryptopro.net/']
729,FXOPTIONMININGHUB,https://www.fca.org.uk/news/warnings/fxoptionmininghub,['https://fx0ptionmininghub.com/']
730,BETA FX TRADE,https://www.fca.org.uk/news/warnings/beta-fx-trade,['https://betafxtrade.com/']
731,FX TRADE ESPANA COMMUNITY,https://www.fca.org.uk/news/warnings/fx-trade-espana-community,['https://fxtradeespanacom.com/']
732,ECOFXGLOBAL,https://www.fca.org.uk/news/warnings/ecofxglobal,['www.ecofxglobal.com']
733,CAMFX TRADE,https://www.fca.org.uk/news/warnings/camfx-trade,['www.camfxtrade.com']
734,BRIGHT FX TRADING,https://www.fca.org.uk/news/warnings/bright-fx-trading,['www.brightfxtrading.online']
735,CRYPTO ROCKET COIN,https://www.fca.org.uk/news/warnings/crypto-rocket-coin,"['www.cryptorocketcoin.com, www.cryptorocketcoins.com']"
736,Financial Indemnity Committe,https://www.fca.org.uk/news/warnings/financial-indemnity-committe,['www.ficommitte.com']
737,CRYPTODESKTRADE,https://www.fca.org.uk/news/warnings/cryptodesktrade,['https://cryptodesktrade.com/']
738,CRYPTONARY FARM,https://www.fca.org.uk/news/warnings/cryptonary-farm,['www.cryptonaryfarm.com']
739,CAPITAL WAVE FX,https://www.fca.org.uk/news/warnings/capital-wave-fx,['www.capitalwavefx.com']
740,Rocca Financial Group,https://www.fca.org.uk/news/warnings/rocca-financial-group,['http://www.roccafinancialgroup.com']
741,Schermann Chronicle Associates,https://www.fca.org.uk/news/warnings/schermann-chronicle-associates,['http://www.schermannchronicleassoc.com']
742,CAPWAY FOREX TRADING INVESTMENT,https://www.fca.org.uk/news/warnings/capway-forex-trading-investment,['www.capway-forexinvestment.com']
743,ALPHA TRADES,https://www.fca.org.uk/news/warnings/alpha-trades,['www.fx-alphatrades.com']
744,NS TRADE FX,https://www.fca.org.uk/news/warnings/ns-trade-fx,['https://nstradefx.com/']
745,CRYPTO-ASSETSTRADING,https://www.fca.org.uk/news/warnings/crypto-assetstrading,['https://crypto-assetstrading.ltd/']
746,CRYPTO COIN XPERT,https://www.fca.org.uk/news/warnings/crypto-coin-xpert,['https://cryptocoinxpert.com/']
747,Concorde and Associates LLC,https://www.fca.org.uk/news/warnings/concorde-and-associates-llc,['www.concordeandassociatesllc.com']
748,AstroFX Market,https://www.fca.org.uk/news/warnings/astrofx-market,['http://astrofxmarket.com/']
749,STOCKCRYPTOOPTION,https://www.fca.org.uk/news/warnings/stockcryptooption,['http://stockcryptooption.com/']
750,AGFXMarkets LTD,https://www.fca.org.uk/news/warnings/agfxmarkets-ltd,['http://agfxmarkets.com/']
751,LEAD FX SWIPE,https://www.fca.org.uk/news/warnings/lead-fx-swipe,['www.leadfxswipe.com']
752,EXTREMEWEALTH-CRYPTO.LTD,https://www.fca.org.uk/news/warnings/extremewealth-cryptoltd,['www.extremewealth-crypto.ltd']
753,Verified Crypto Miners,https://www.fca.org.uk/news/warnings/verified-crypto-miners,['http://verifiedcryptominers.com/']
754,FXTM Investment Option Ltd,https://www.fca.org.uk/news/warnings/fxtm-investment-option-ltd,['http://fxtminvestmentoption.com/']
755,Crypto Investment Finance Ltd,https://www.fca.org.uk/news/warnings/crypto-investment-finance-ltd,['https://cryptoinvestmentfinance.com/']
756,Maxiglobefxt,https://www.fca.org.uk/news/warnings/maxiglobefxt,['https://maxiglobefxt.com/']
757,7dayscrypto Inc,https://www.fca.org.uk/news/warnings/7dayscrypto-inc,['http://7dayscrypto.com/']
758,Cryptolia Limited,https://www.fca.org.uk/news/warnings/cryptolia-limited,['http://cryptolia.net/']
759,Bullishfxtrade Ltd,https://www.fca.org.uk/news/warnings/bullishfxtrade-ltd,['http://bullishfxtrade.com/']
760,Maximum FX Asset Ltd,https://www.fca.org.uk/news/warnings/maximum-fx-asset-ltd,['http://maximfxasset.com/']
761,Brees Capital Group LLC,https://www.fca.org.uk/news/warnings/brees-capital-group-llc,['http://www.breescapitalgroup.com']
762,Margin FX Options Group Limited,https://www.fca.org.uk/news/warnings/margin-fx-options-group-limited,['http://marginfxoptions.com/']
764,INFXCOINKAPITA,https://www.fca.org.uk/news/warnings/infxcoinkapita,['https://infxcoinkapita.com/']
765,Sunbridge Ltd,https://www.fca.org.uk/news/warnings/sunbridge-ltd,['https://sunbridgeltd.co.uk/']
766,KYC Consulting,https://www.fca.org.uk/news/warnings/kyc-consulting,['kyc-consulting.org']
767,CAPITALFX EXCHANGE,https://www.fca.org.uk/news/warnings/capitalfx-exchange,['https://capitalfxexchange.com/']
768,HANSRAJ LIMITED,https://www.fca.org.uk/news/warnings/hansraj-limited,"['https://hansrajlimited.com/, https://hansrajltd.com/']"
769,Bestrenewableenergyinvestor,https://www.fca.org.uk/news/warnings/bestrenewableenergyinvestor,['www.bestrenewableenergyinvestor.com']
770,Murray and Johnson,https://www.fca.org.uk/news/warnings/murray-and-johnson,['murrayandjohnsonassociates.com']
771,24FOREX TRADE STOCKS,https://www.fca.org.uk/news/warnings/24forex-trade-stocks,['https://24forextradestocks.com/']
773,CAPITALONEFX,https://www.fca.org.uk/news/warnings/capitalonefx,['https://capitalonefx.com/']
774,ICMARKETINGFX,https://www.fca.org.uk/news/warnings/icmarketingfx,['https://icmarketingfx.com/']
775,PRIMEMARKETFX,https://www.fca.org.uk/news/warnings/primemarketfx,['https://primemarketfx.com/']
776,LPL INVEST,https://www.fca.org.uk/news/warnings/lpl-invest,"['www.lplinvest.com, https://www.lplfinances.eu/, https://www.lpleurope.eu']"
778,FXTRADEFUND,https://www.fca.org.uk/news/warnings/fxtradefund,['www.fxtradefund.online']
779,MegaFxOptions,https://www.fca.org.uk/news/warnings/megafxoptions,['https://megafxoptions.com/']
780,TradeproFx Ltd,https://www.fca.org.uk/news/warnings/tradeprofx-ltd,['https://tradeprofx.net/']
781,Minance TradeFX,https://www.fca.org.uk/news/warnings/minance-tradefx,['http://minancetradefx.com/']
782,PrimeFX Service,https://www.fca.org.uk/news/warnings/primefx-service,['https://primefxservice.net/']
783,OneFX Trade Ltd,https://www.fca.org.uk/news/warnings/onefx-trade-ltd,['https://onefx.online/']
784,Magnus Capital FX,https://www.fca.org.uk/news/warnings/magnus-capital-fx,['https://h1.magnuscapitalfx.com']
785,COINS FX HOLDINGS LTD,https://www.fca.org.uk/news/warnings/coins-fx-holdings-ltd,['https://coinsfxholdingsltd.com/']
786,Royalton Investments Limited,https://www.fca.org.uk/news/warnings/royalton-investments-limited,['www.royaltoninvestments.org']
787,Vfxtrades,https://www.fca.org.uk/news/warnings/vfxtrades,['http://vfxtrades.net/']
788,GlobalCapitalFX,https://www.fca.org.uk/news/warnings/globalcapitalfx,['www.globalcapitalfx.net']
789,CAPITALONLINEFX,https://www.fca.org.uk/news/warnings/capitalonlinefx,['https://capitalonlinefx.com/']
790,Surfx Academy,https://www.fca.org.uk/news/warnings/surfx-academy,['http://surfxacademy.com/']
791,GOLDEN FX TRADE,https://www.fca.org.uk/news/warnings/golden-fx-trade,['www.goldenfxtrade.com']
792,Solid Forex Trade,https://www.fca.org.uk/news/warnings/solid-forex-trade,['http://solidforextrade.com/']
793,Quick FX Mining,https://www.fca.org.uk/news/warnings/quick-fx-mining,['http://quickfxmining.com/']
794,Primer Forex PLC,https://www.fca.org.uk/news/warnings/primer-forex-plc,['https://primerforex.com/']
795,PrimeFx Trade Limited,https://www.fca.org.uk/news/warnings/primefx-trade-limited,['https://primexfxtrade.com/']
796,Trade International Ltd,https://www.fca.org.uk/news/warnings/trade-international-ltd,['https://tradeinternfx.com/']
797,PREMIERFXPRO TRADES LIMITED,https://www.fca.org.uk/news/warnings/premierfxpro-trades-limited,['https://premierfxprotrades.com/']
798,Capshaw Capital Associates LLC,https://www.fca.org.uk/news/warnings/capshaw-capital-associates-llc,['http://www.capshawcapitalassoc.com/']
799,XTB Trading,https://www.fca.org.uk/news/warnings/xtb-trading,['http://xtbtradingfx.com/']
800,ProfitedFXFNC,https://www.fca.org.uk/news/warnings/profitedfxfnc,['www.profitedfxfnc.com']
801,GEMSTONE FX,https://www.fca.org.uk/news/warnings/gemstone-fx,['www.gemstonefx.com']
802,NEXUSFX Market,https://www.fca.org.uk/news/warnings/nexusfx-market,['www.nexusfxmarket.com']
803,Crypto Desk Fx,https://www.fca.org.uk/news/warnings/crypto-desk-fx,['http://crypto-deskfx.com/']
804,Strategic FX Ltd,https://www.fca.org.uk/news/warnings/strategic-fx-ltd,['https://www.strategicfxtrading.com']
806,Meta Crypto Investment,https://www.fca.org.uk/news/warnings/meta-crypto-investment,['http://metacryptoinvests.com/']
807,Crypto FX Atlantic Trade,https://www.fca.org.uk/news/warnings/crypto-fx-atlantic-trade,['http://cryptofxatlantictrade.com/']
808,Crypto Assets Management Ltd,https://www.fca.org.uk/news/warnings/crypto-assets-management-ltd,['http://cryptoassetonline.com/']
810,365Falcon,https://www.fca.org.uk/news/warnings/365falcon,['https://www.365falcon.com/#/']
811,FutureFXPro,https://www.fca.org.uk/news/warnings/futurefxpro,['https://futurefxpro.com']
812,fxbitbull.com,https://www.fca.org.uk/news/warnings/fxbitbullcom,['www.fixbitbull.com']
813,UNICORNSTOCKFX,https://www.fca.org.uk/news/warnings/unicornstockfx,['http://unicornstockfx.com']
814,Top Fx Expert,https://www.fca.org.uk/news/warnings/top-fx-expert,['http://topfxexpert.com/']
815,My Forex Trade,https://www.fca.org.uk/news/warnings/my-forex-trade,['www.myforex-trade.com']
816,PNK TRADE FXLTD,https://www.fca.org.uk/news/warnings/pnk-trade-fxltd,['https://pnktradefxltd.com/']
817,Crypto Allys Ltd,https://www.fca.org.uk/news/warnings/crypto-allys-ltd,['www.cryptoallys.com']
818,Stallion FX Trade,https://www.fca.org.uk/news/warnings/stallion-fx-trade,['www.stallionfxtrade.com']
819,Cryptomegaoptions Corporation,https://www.fca.org.uk/news/warnings/cryptomegaoptions-corporation,['https://cryptomegaoptions.net/']
820,Capitalise FX Investment,https://www.fca.org.uk/news/warnings/capitalise-fx-investment,['http://capitalisefxinvestment.com/']
821,Precision Financial Services LLC,https://www.fca.org.uk/news/warnings/precision-financial-services-llc,['www.precisionfinancservices.com']
822,Circle Housing Money (Clone of FCA Authorised firm,https://www.fca.org.uk/news/warnings/circle-housing-money-clone-fca-authorised-firm,['https://circlehousingmoney.com/']
823,Skycryptoption,https://www.fca.org.uk/news/warnings/skycryptoption,['http://skycryptoption.com/']
824,Leom Market,https://www.fca.org.uk/news/warnings/leom-market,['https://lmtradefx.com/en']
825,topvexominersfx.com,https://www.fca.org.uk/news/warnings/topvexominersfxcom,['https://topvexominersfx.com/']
826,Primerfx Limited,https://www.fca.org.uk/news/warnings/primerfx-limited,['http://primerfx.com/']
827,cryptogemini.net ltd,https://www.fca.org.uk/news/warnings/cryptogemininet-ltd,['http://cryptogemini.net/']
828,SUNRISECRYPTO LIMITED,https://www.fca.org.uk/news/warnings/sunrisecrypto-limited,['http://sunrisecrypto.net/']
829,Dynamic Crypto Traders,https://www.fca.org.uk/news/warnings/dynamic-crypto-traders,['HTTPS://dynamiccryptotraders.com']
830,Alpha Crypto Trade FX Ltd,https://www.fca.org.uk/news/warnings/alpha-crypto-trade-fx-ltd,['http://alphacryptotradefx.com/']
831,Kingswood Equity Consultancy,https://www.fca.org.uk/news/warnings/kingswood-equity-consultancy,['https://kingswoodequityconsultancyllc.com/']
832,Lexus and Merc Consulting Group,https://www.fca.org.uk/news/warnings/lexus-and-merc-consulting-group,['https://Lexusandmercconsultinggroup.com/']
833,Financial Services Monitoring Authority,https://www.fca.org.uk/news/warnings/financial-services-monitoring-authority,['www.fsma.org.uk']
834,Gainmetafx,https://www.fca.org.uk/news/warnings/gainmetafx,['www.gainmetafx.com']
835,Fxbitcoinpro,https://www.fca.org.uk/news/warnings/fxbitcoinpro,['www.fxbitcoinpro.com']
836,SOFX Limited,https://www.fca.org.uk/news/warnings/sofx-limited,['so-fx.net']
837,bitforexglobal.com,https://www.fca.org.uk/news/warnings/bitforexglobalcom,['https://bitforexglobal.com/']
838,PRO FX EVO,https://www.fca.org.uk/news/warnings/pro-fx-evo,['https://profxevo.site/']
839,Ace Crown FX,https://www.fca.org.uk/news/warnings/ace-crown-fx,['https://acecrownfx.com/']
840,Bennpipsfx,https://www.fca.org.uk/news/warnings/bennpipsfx,['https://bennpipsfx.com/']
841,CRYPTOCAPITALIST,https://www.fca.org.uk/news/warnings/cryptocapitalist,['https://crypto-capitalist.online/']
842,AstroFX Trade,https://www.fca.org.uk/news/warnings/astrofx-trade,['https://astrofx-trade.com/']
843,BitcoinsMiningsFX,https://www.fca.org.uk/news/warnings/bitcoinsminingsfx,['https://bitcoinsminingsfx.com/']
844,450stocktradefx Ltd,https://www.fca.org.uk/news/warnings/450stocktradefx-ltd,['https://450stocktradefx.com/en']
845,Crypto Inc LTD,https://www.fca.org.uk/news/warnings/crypto-inc-ltd,['https://cryptoinc.ltd/']
846,Cryptomaktrading Ltd,https://www.fca.org.uk/news/warnings/cryptomaktrading-ltd,['https://cryptomaktrading.com/']
847,Coin FX Transact,https://www.fca.org.uk/news/warnings/coin-fx-transact,['https://coinfx-transact.com/']
848,Crypto Pro Investment,https://www.fca.org.uk/news/warnings/crypto-pro-investment,['https://cryptoproinvt.com/']
849,CRESTFOREXTRADING,https://www.fca.org.uk/news/warnings/crestforextrading,['https://crestforextrading.com/']
850,HIGH-TECH FX,https://www.fca.org.uk/news/warnings/high-tech-fx,['https://htfx.business/']
851,DigitalChainFx Ltd,https://www.fca.org.uk/news/warnings/digitalchainfx-ltd,['https://digitalchainfx.com/']
852,FX Trade Options,https://www.fca.org.uk/news/warnings/fx-trade-options,['https://fxtradeoptions.net/']
854,FX SWISS LIMITED,https://www.fca.org.uk/news/warnings/fx-swiss-limited,['https://americanfxbasetrade.com/']
855,firstoptionfxtrade.com Ltd,https://www.fca.org.uk/news/warnings/firstoptionfxtradecom-ltd,['https://firstoptionfxtrade.com/']
856,Callister Capital Group LLC,https://www.fca.org.uk/news/warnings/callister-capital-group-llc,"['www.callistergroupllc.com, http://callistercapitalgroupllc.com/']"
857,EASY CONFX CRYPTO INVESTMENT,https://www.fca.org.uk/news/warnings/easy-confx-crypto-investment,['https://easycoinfx.com']
858,MYTRADEFX,https://www.fca.org.uk/news/warnings/mytradefx,['www.MyTradeFx.biz']
859,RoiCrypto.icu,https://www.fca.org.uk/news/warnings/roicryptoicu,['www.roicrypto.icu']
860,FXmarket Ltd,https://www.fca.org.uk/news/warnings/fxmarket-ltd,['https://fxmarket.ltd/']
861,Twix Marshals,https://www.fca.org.uk/news/warnings/twix-marshals,['www.twixmarshalsfx.com']
862,fxfastgrowingcapital,https://www.fca.org.uk/news/warnings/fxfastgrowingcapital,['www.fxfcapita.online']
863,FX Crypto Limited,https://www.fca.org.uk/news/warnings/fx-crypto-limited,['https://fxcryptolimited.com/']
864,Fxbitmarketoption Ltd,https://www.fca.org.uk/news/warnings/fxbitmarketoption-ltd,['https://fxbitmarketoption.com/']
865,Forex24 Market Ltd,https://www.fca.org.uk/news/warnings/forex24-market-ltd,['https://forex24market.com/']
866,Garrett Capital Partners,https://www.fca.org.uk/news/warnings/garrett-capital-partners,['http://www.garrettcapitalpartners.com/']
867,TOP EXPERT CRYPTO MARKET,https://www.fca.org.uk/news/warnings/top-expert-crypto-market,['https://topexpertcryptomarket.com/']
870,COYINVEST,https://www.fca.org.uk/news/warnings/coyinvest,['https://coyinvest.com/']
871,Metrotrade,https://www.fca.org.uk/news/warnings/metrotrade,['www.metrotrade.world']
872,Global Capital,https://www.fca.org.uk/news/warnings/global-capital,['https://Global-capital.live']
873,Hub Finance,https://www.fca.org.uk/news/warnings/hub-finance,['www.hub-finance.com']
874,Hantec Funds,https://www.fca.org.uk/news/warnings/hantec-funds,['www.hantecfunds.com']
875,EMPIRE MINER,https://www.fca.org.uk/news/warnings/empire-miner,['https://empireminer.com/']
876,Forexhoursltd.com,https://www.fca.org.uk/news/warnings/forexhoursltdcom,['https://forexhoursltd.com/']
877,goldenvaluebtc.com,https://www.fca.org.uk/news/warnings/goldenvaluebtccom,['https://goldenvaluebtc.com/']
878,CRYPTOX CLOUD,https://www.fca.org.uk/news/warnings/cryptox-cloud,['https://Cryptox-cloud.com/']
879,fxholdingstrade.com,https://www.fca.org.uk/news/warnings/fxholdingstradecom,['https://fxholdingstrade.com/']
880,Gs-Partnership,https://www.fca.org.uk/news/warnings/gs-partnership,['www.gs-partnership.com']
881,E-QUANTUMOPTIONS.COM,https://www.fca.org.uk/news/warnings/e-quantumoptionscom,['https://e-quantumoptions.com/']
882,FXT Management Ltd,https://www.fca.org.uk/news/warnings/fxt-management-ltd,['https://fxtminvest.ltd']
883,ELITE CHAIN CAPITAL,https://www.fca.org.uk/news/warnings/elite-chain-capital,['https://elitechaincapital.com/']
884,Crypto Mining Limited,https://www.fca.org.uk/news/warnings/crypto-mining-limited,['https://crypto-miningltd.com/']
885,UK Fixed Income Bond,https://www.fca.org.uk/news/warnings/uk-fixed-income-bond,['https://Get.ukfixedincomebond.com/']
886,MYFXSTAR,https://www.fca.org.uk/news/warnings/myfxstar,['www.myfxstar.org']
887,FIATVISIONS,https://www.fca.org.uk/news/warnings/fiatvisions,['https://www.fiatvisions.com/']
888,CHILIZPRECO,https://www.fca.org.uk/news/warnings/chilizpreco,['https://chilizpreco.com/']
889,NesisCapital,https://www.fca.org.uk/news/warnings/nesiscapital,['www.Nesiscapital.com']
890,OZO fx,https://www.fca.org.uk/news/warnings/ozo-fx,"['www.ozofxasia.com, www.Ozofx.com']"
891,COINSHARE.LTD,https://www.fca.org.uk/news/warnings/coinshareltd,['https://coinshare.ltd/']
892,COINAFFIRM.COM,https://www.fca.org.uk/news/warnings/coinaffirmcom,['https://coinaffirm.com/']
893,COIN GAINERS,https://www.fca.org.uk/news/warnings/coin-gainers,['https://coingainers.ltd/']
894,PILLAR CRYPTO,https://www.fca.org.uk/news/warnings/pillar-crypto,['www.Pillarcrypto.com']
895,COIN-TRADE.CASH,https://www.fca.org.uk/news/warnings/coin-tradecash,['https://coin-trade.cash/']
896,COIN FOX LTD,https://www.fca.org.uk/news/warnings/coin-fox-ltd,['https://coinfoxltd.com/']
897,COIN CLOUD FX,https://www.fca.org.uk/news/warnings/coin-cloud-fx,['https://coincloudfx.com/']
898,COINYIELD-INVESTMENT,https://www.fca.org.uk/news/warnings/coinyield-investment,['https://coinyield-investment.com/']
899,PERFECT-TRADE INVEST,https://www.fca.org.uk/news/warnings/perfect-trade-invest,['www.Perfecttrade.site']
900,COIN INVESTMENT TRADE,https://www.fca.org.uk/news/warnings/coin-investment-trade,['https://coininvestmenttrade.com/']
902,Segiotrade.ltd,https://www.fca.org.uk/news/warnings/segiotradeltd,['www.Segiotrade.ltd']
903,RUBBLECOINS.COM,https://www.fca.org.uk/news/warnings/rubblecoinscom,['www.rubblecoins.com']
904,German Gilts,https://www.fca.org.uk/news/warnings/german-gilts,['www.germangilts.com']
905,Sugexcryptopro.com,https://www.fca.org.uk/news/warnings/sugexcryptoprocom,['www.Sugexcryptopro.com']
906,Spin Capitals,https://www.fca.org.uk/news/warnings/spin-capitals,['www.spincapitals.com']
907,realcryptoworld.com,https://www.fca.org.uk/news/warnings/realcryptoworldcom,['www.Realcryptoworld.com']
908,rescapinvestment.com,https://www.fca.org.uk/news/warnings/rescapinvestmentcom,['www.rescapinvestment.com']
909,Surebinaryincomtrade.com,https://www.fca.org.uk/news/warnings/surebinaryincomtradecom,['www.Surebinaryincomtrade.com']
910,Stormer fxtrade option,https://www.fca.org.uk/news/warnings/stormer-fxtrade-option,['www.Stormerfxtradeoption.com']
911,BITMAIN,https://www.fca.org.uk/news/warnings/bitmain,['https://Bitmainltd.uk/']
912,AUTOFXSTOCKS,https://www.fca.org.uk/news/warnings/autofxstocks,['https://autofxstocks.com/']
913,ZenoxtradesLP,https://www.fca.org.uk/news/warnings/zenoxtradeslp,['www.zenoxtrade.com']
914,tokeprofit.com,https://www.fca.org.uk/news/warnings/tokeprofitcom,['www.tokeprofit.com']
915,BIP FUNDS,https://www.fca.org.uk/news/warnings/bip-funds,['https://Bipfunds.co.uk/']
916,Trade Universe,https://www.fca.org.uk/news/warnings/trade-universe,['www.tradeuniverse.org']
917,BITCOINGE LTD,https://www.fca.org.uk/news/warnings/bitcoinge-ltd,['https://Bitcoingeltd.net/']
918,Tradelineglobal.com,https://www.fca.org.uk/news/warnings/tradelineglobalcom,['www.Tradelineglobal.com']
919,worldcryptominers.com,https://www.fca.org.uk/news/warnings/worldcryptominerscom,['www.worldcryptominers.com']
920,ASPIRECOIN INVEST,https://www.fca.org.uk/news/warnings/aspirecoin-invest,['https://aspirecoininvest.com/']
921,thomastradingservices.com,https://www.fca.org.uk/news/warnings/thomastradingservicescom,['www.thomastradingservices.com']
922,Rogan Group LLP,https://www.fca.org.uk/news/warnings/rogan-group-llp,['www.rogangroupllp.com']
923,Mattel Capital Partners,https://www.fca.org.uk/news/warnings/mattel-capital-partners,"['https://mattelcapital.com/, www.mattelcapitalpartners.com']"
925,Fernbrook Capital Partners LLC,https://www.fca.org.uk/news/warnings/fernbrook-capital-partners-llc,"['https://fernbrookcapitalpartners.com/, www.fernbrookcapitalpartnersllc.com']"
926,ARCADETRADEPLATFORM,https://www.fca.org.uk/news/warnings/arcadetradeplatform,['https://arcadetradeplatform.com/']
927,Riverdale LLC,https://www.fca.org.uk/news/warnings/riverdale-llc,['www.riverdale-llc.com']
928,AMS FX LTD,https://www.fca.org.uk/news/warnings/ams-fx-ltd,"['www.amsfxlimited.com, https://amsfxltd.com/']"
929,tradecryptominers,https://www.fca.org.uk/news/warnings/tradecryptominers,['www.tradecryptominers.com']
930,Mundo Crypto,https://www.fca.org.uk/news/warnings/mundo-crypto,['www.mundo-crypto.ltd']
931,GLOBAL FX TEAM,https://www.fca.org.uk/news/warnings/global-fx-team,['www.globalfxteam.com']
932,Multi Global Minersfx,https://www.fca.org.uk/news/warnings/multi-global-minersfx,['www.multiglobalminersfx.com']
933,Corum Consulting Group,https://www.fca.org.uk/news/warnings/corum-consulting-group,['www.corumconsultinggrp.com']
934,Sterling International Wealth,https://www.fca.org.uk/news/warnings/sterling-international-wealth,['https://sterlinginternationalwealth.com/']
935,Maximum Fx Trade LIMITED,https://www.fca.org.uk/news/warnings/maximum-fx-trade-limited,['www.maximumfxtrade.com']
936,FXcryptmarket,https://www.fca.org.uk/news/warnings/fxcryptmarket,['https://fxcryptmarket.com/']
937,CRYPTEXFXBITRADE,https://www.fca.org.uk/news/warnings/cryptexfxbitrade,['https://cryptexfxbitrade.com/']
938,ELITECRYPTOGAIN,https://www.fca.org.uk/news/warnings/elitecryptogain,['https://elitecryptogain.net/']
939,BESTCRYPTMINERS,https://www.fca.org.uk/news/warnings/bestcryptminers,['https://bestcryptminers.com/']
940,CTL Markets,https://www.fca.org.uk/news/warnings/ctl-markets,"['www.ctl-markets.com, https://ctlmarkets2.com/']"
941,Reliableminingfx,https://www.fca.org.uk/news/warnings/reliableminingfx,['www.reliableminingfx.com']
942,HENEX Global,https://www.fca.org.uk/news/warnings/henex-global,['www.henexglobalfx.com']
943,CAPITALTRADEBROKER,https://www.fca.org.uk/news/warnings/capitaltradebroker,['https://capitaltradebroker.com/']
944,DIGITALCRYPTOMINERS,https://www.fca.org.uk/news/warnings/digitalcryptominers,['https://digitalcryptominers.com/']
945,FXCRYPTO INDEX,https://www.fca.org.uk/news/warnings/fxcrypto-index,['https://fxcryptoindex.com/']
946,CryptoFX Rocket,https://www.fca.org.uk/news/warnings/cryptofx-rocket,['https://cryptofxrocket.com/']
947,CryptoFX Capitals,https://www.fca.org.uk/news/warnings/cryptofx-capitals,['https://cryptofxcapitals.com/']
948,Ally Crypto FX,https://www.fca.org.uk/news/warnings/ally-crypto-fx,['https://allycryptofx.com/']
949,Astro Fx UK Ltd,https://www.fca.org.uk/news/warnings/astro-fx-uk-ltd,['https://astrofxuk.com/']
950,GRACE FX MINING POOL,https://www.fca.org.uk/news/warnings/grace-fx-mining-pool,['www.gracefxminingpool.com']
951,Crypto Asset Trading Exchange INC,https://www.fca.org.uk/news/warnings/crypto-asset-trading-exchange-inc,['https://cryptoassettradingexchange.com/']
952,Calliber,https://www.fca.org.uk/news/warnings/calliber,['www.calliber.io']
953,Pentiumfx,https://www.fca.org.uk/news/warnings/pentiumfx,['www.pentiumfx.com']
954,FncBrandsFx,https://www.fca.org.uk/news/warnings/fncbrandsfx,['https://fncbrandsfx.com/']
955,LiveFxStock,https://www.fca.org.uk/news/warnings/livefxstock,['www.livefxstock.com']
956,FX-BTG,https://www.fca.org.uk/news/warnings/fx-btg,['https://fx-btg.com/']
957,FX Assets,https://www.fca.org.uk/news/warnings/fx-assets,['https://fxassetsinvestment.com/']
958,Wealthcryptofx,https://www.fca.org.uk/news/warnings/wealthcryptofx,['https://wealthcryptofx.online/']
959,NEXA FOREX,https://www.fca.org.uk/news/warnings/nexa-forex,['https://nexaforex.com/']
960,GLOBALTRADEFXPRO,https://www.fca.org.uk/news/warnings/globaltradefxpro,['https://globaltradefxpro.com/']
961,MoonFX Trade,https://www.fca.org.uk/news/warnings/moonfx-trade,['www.moonfxtrades.com']
962,bullishfxsignals,https://www.fca.org.uk/news/warnings/bullishfxsignals,['https://bullishfxsignals.com/']
963,tradestockfxcrypto.com,https://www.fca.org.uk/news/warnings/tradestockfxcryptocom,['https://tradestockfxcrypto.com/']
964,Mega Fx Market,https://www.fca.org.uk/news/warnings/mega-fx-market,['https://megafxmarket.com/']
965,GREEN VISION FX,https://www.fca.org.uk/news/warnings/green-vision-fx,['https://greenvisionfx.com/']
966,WTS Assets Ltd,https://www.fca.org.uk/news/warnings/wts-assets-ltd,"['https://wtsassets.com, https://wtsassets.co.uk']"
967,Raj Forex Trade,https://www.fca.org.uk/news/warnings/raj-forex-trade,['www.rajforextrade.com']
968,Wealth Crypto FX,https://www.fca.org.uk/news/warnings/wealth-crypto-fx,['https://wealthcryptofx.com/']
969,Crypto Candid Ltd,https://www.fca.org.uk/news/warnings/crypto-candid-ltd,['https://cryptocandidltd.com/']
970,Fxmarket Traders LTD,https://www.fca.org.uk/news/warnings/fxmarket-traders-ltd,['https://fxmarkettraders.com/']
971,FXCRYPTO FINANCE MARKET,https://www.fca.org.uk/news/warnings/fxcrypto-finance-market,['https://fxcryptofinancemarket.com/']
972,ultimate-cryptouktrading.online,https://www.fca.org.uk/news/warnings/ultimate-cryptouktradingonline,['https://ultimate-cryptouktrading.online/']
973,Legal Crypto FX Invest,https://www.fca.org.uk/news/warnings/legal-crypto-fx-invest,['https://legalcryptofxinvest.com/']
974,OTTO GLOBAL FOREX LIMITED,https://www.fca.org.uk/news/warnings/otto-global-forex-limited,"['https://www.ottofxtrading.com/, https://ottoforex.com/']"
975,MinerFXS,https://www.fca.org.uk/news/warnings/minerfxs,['www.minerfxs.com']
976,OFXTRADE,https://www.fca.org.uk/news/warnings/ofxtrade,['www.ofxtrade.com']
977,C.C.Experts,https://www.fca.org.uk/news/warnings/ccexperts,['https://cryptocurrencyexperts.trade/']
978,CryptoCoinFox,https://www.fca.org.uk/news/warnings/cryptocoinfox,['https://cryptocoinfox.net/']
979,OCTAFX SIGNAL,https://www.fca.org.uk/news/warnings/octafx-signal,['www.octafx-signal.com']
980,Premium FX,https://www.fca.org.uk/news/warnings/premium-fx,['www.premiumfx.online']
981,Cryptologictrade,https://www.fca.org.uk/news/warnings/cryptologictrade,['https://cryptologictrade.com/']
982,Boost FxPro,https://www.fca.org.uk/news/warnings/boost-fxpro,['https://boostfxpro.com/']
983,Crypto Vest,https://www.fca.org.uk/news/warnings/crypto-vest,['www.livecryptovests.com']
984,Net-TradersFX,https://www.fca.org.uk/news/warnings/net-tradersfx,['www.net-tradersfx.com']
985,crypto-max.limited,https://www.fca.org.uk/news/warnings/crypto-maxlimited,['https://crypto-max.limited/']
986,Legal BTC Miners,https://www.fca.org.uk/news/warnings/legal-btc-miners,['https://legalbitcoinminingfx.net/']
987,mycrypto-investment,https://www.fca.org.uk/news/warnings/mycrypto-investment,['www.mycryptovest.net']
988,Simpler Fx Trade,https://www.fca.org.uk/news/warnings/simpler-fx-trade,['https://simplerfx.trade/']
989,TRUSTED FOREX TRADE,https://www.fca.org.uk/news/warnings/trusted-forex-trade,['https://trustedforex.trade/']
991,QONTRAC,https://www.fca.org.uk/news/warnings/qontrac,['www.qontraccrypto.com']
992,Robbo Forex,https://www.fca.org.uk/news/warnings/robbo-forex,['https://robboforex.com/']
993,FxTradeComplex,https://www.fca.org.uk/news/warnings/fxtradecomplex,['https://fxtradecomplex.com/']
994,ISA Checker,https://www.fca.org.uk/news/warnings/isa-checker,['www.isachecker.com']
995,OCTA FOREXASIAN,https://www.fca.org.uk/news/warnings/octa-forexasian,['www.octaforexasian.com']
996,Prime cryptovest,https://www.fca.org.uk/news/warnings/prime-cryptovest,['www.primecryptovest.com']
997,PROFOREX ELITES,https://www.fca.org.uk/news/warnings/proforex-elites,['www.proforexelites.com']
998,Forex Prodigies,https://www.fca.org.uk/news/warnings/forex-prodigies,['https://forexprodigies.com/']
999,sky trust FX,https://www.fca.org.uk/news/warnings/sky-trust-fx,['www.skytrust-fx.com']
