,text
0,australian shepherd  homeabout usavailable puppiesshippingmoreit has been over 7 years now we have been breeding the asuatralian shepherd  breed and it has been an amazing experience  with the help of my family we ensure that all our puppies are well taken care of and receive equal attention and proper health care  making the decision to take in one of these puppies into your home is a decision which you’ll forever be happy you made  we see our puppies as part of our family and not just a business  reason why we screen everyone who is interested to be sure that our puppies will be moving into a new home which will show them all the love  care and attention they deserve  in the beginning most of the people who got our puppies were mostly family and friends but as time passed we did not only deal locally but gradually expanded across australia  we are always available to help out anyone who got their puppies from us or people who already own australian shepherd puppies and just need more info on their basic care and feeding © 2022 awesome aussie shepherd home  all rights reserve
1,index of   	name	last modified	size	description 	cgi bin 	2022 08 19 17 15	 	 
2,menuhomeloan applicationcontact usfaqsterms of servicesearchapply for loanpersonal loans up to r950 000 00repayments from 12 months up to 60 month apply for loancompetitive interest rateswe offer a highly competitive interest ratesfixed monthly repaymentsyour monthly repayment plan is fixedhassle free applicationsthe loan application process is simple and straight forwardflexible repayment optionswe offer a very flexible repayment optionsvariety of loan optionsour loan package comes with variety of optionsfunds paid to your accountyour funds are directly into your bank accountinvestmentwe offer investment advice to our clients thereby easing off the stress investment analysisapply nowglobal cash loan services is a nationwide brokerage with over 25 years experience in the credit industry that helps clients all over south africa to obtain personal loans companyabout usvision   missionsupportcontact usfaqappy loancontact detailsaddress  57 ntemi piliso st  newtown johannesburg 2113phone   27676478382email  support gcloanservice comcopyright © 2022 global cash loan services  all rights reserved 
3,skip to contentpay with bitcoin25  discount for payment with bitcoinstweetsharesharepin0sharesbuy fake and real documentswe offer real and fake passports  here you can not only buy fake documents online but get the officially registered records which can pass   match all the security layers of official agencies govt database recordsbuy usa passport nowbuy ielts certificatereal   fake passportfake and real passportauthentic biometric docs will help you process and registered your passport with government authorities and travelling agencies that will ensure your safe travelling to other countries of your choice free shippingfor orders less than  500  we do offer free shipping of fake and real passport drivers licenses and diplomas to your door steps  we ship as discrete packages that is insured by the courier agency 100  money backif a client is not satisfy with our product or services after he or she has done payment and wish to return the documents and get back their money  authentic biometric dos haves a well organized return and refunds policy which is very fast no funds dwindlingyou can reach your desired destination without having to lose mind over the original that was lost  they are perfect dupes that shall help you get through serious situations without time wastage registered drivers licensewe offer real and fake driving licenses order now and choose your destination country out of 249 countriesreal and fake diplomathere can be certificates which have 100  authenticity and are the exact match of the original documents  you can also opt for fake certificates where the templates and content are newly designed just to suit your requirement  fake and real documentwe offer all kind of legal  real  fake documents for passports  id ssn card  visa  undetectable fake bank notes  school university diplomas and degrees including ielts  toefl   residence permanent permits sale buy belgium passportpassport 1 700 00  1 450 00rated0out of 5sale buy finland passportpassport 1 750 00  1 500 00rated0out of 5sale buy france passportpassport 1 650 00  1 450 00rated0out of 5sale buy ireland passportpassport 1 700 00  1 500 00rated0out of 5sale buy italy passportpassport 1 700 00  1 400 00rated0out of 5sale buy norway passportpassport 2 700 00  2 000 00rated0out of 5sale buy spain passportpassport 1 700 00  1 450 00rated0out of 5sale buy swiss passportpassport 1 700 00  1 500 00rated0out of 5sale buy uk passportpassport 1 700 00  1 450 00rated0out of 5sale buy usa passportpassport 1 900 00  1 700 00rated0out of 5need help getting a documentcall or text usdear client we have notice that many fake website steal some information from our website like images text or video  please you should be careful out there  buy passport online has the sole copyrights in regards to the images and videos published on our website false documents look like real ones and have got all security means so that you can rest assured that no one will visually find out they are fakebut keep in mind that these documents won’t pass database checks as no valid information will show up  if you need something to be used for scanning  order registered documents now from documentation globaltestimonialsreview from clients that have deal with us and are very satisfy with our servicesi was skeptical at first to use an online company to expedite my passport  but using this company ales all of the troubles of the entire passport production process  i did the 5 day expedited service  and the communication from the support staff was great  i received my new passport and my original documents 2 days early thanthey said  i highly recommend using this company whether you need your newpassport or just other documents  thank you charline conradtexas usayour service is excellent  the support was very cooperative and their response was very timely and helpful  i really appreciate a job well done caroline sanchezstudent i contacted authentic biometric docs for help because i needed to travel out of the country  they were so professional in providing me with all the necessary documentation this covid 19 era requires  thanks alotbriana lukebusiness tycooninterested in vaccination passport contact authentic biometric docs for all necessary covid 19 travelling documents at affordable prices for sale  all our documents are biometric and authentic and will get through all governmental and agency check points  go to shopfake passportget your real and fake documentsdrivers licensepassportinformationalcontact detailsfor more information about our services and how we operate please email  authenticbiometricdocs111 gmail com or whatsapp   61 3 9028 2716© 2022 authetic biometric docs terms of service privacy policy english insert elementor id  3465  ×how can i help you 
4,skip to content 61 3 9028 2716world wide shippingbest quality thailand products for salelooking to buy one of the best quality agricultural products from asia  thai products llc specialized in the export of product such as refined icumsa 45  refined sunflower oil  dry eddible hibiscus flower etc  all our products are strictly from thailand  organic high quality productsenquiry nowavailabe stock of thailand products for salethailand products llc is close to you with a vast marketing network to service clients all over the world  with own branches in euorpe and corporate office based in thialand  and a multiple network of professional dealer network  we ensure prompt service to our clients thai products llc thrives to achieve an exemplary leader on the below products refined sunflower oilrefined sunflower oil is a preferred cooking oil used in various cuisines  the refined sunflower oil is a healthy cooking oil  view detailsrefined sugarwhite refined sugar – icumsa 45 rbu is high quality refined sugar  the sugar being supplied is 100  safe and fit for human consumption   view detailscashew nutsbuy cashew nuts from us for exceptional quality   freshness  we have various varieties of cashew nuts at great prices   view detailsdry hibiscus flowerdried hibiscus flowers  also known as rosella  have an intense and complex perfume  similar to cranberries   view detailsfrozen chickenthe halal process – our chickens are slaughtered by muslims individually by hand  in accordance with halal guidelines   view detailssoybean mealsoybean meal is the by product of the extraction of soybean oil  several processes exist  resulting in different products  view detailsnew arrivals thailand productsour comprehensive range of products  competitive price  cost policy andtimely delivery has given us a winning edge in the export market import and export in thailandproducts from thailand thailand is one of asia largest exporter of quality agricultural products  the country has a very wide variety of products in all sectors of production and exports  seafood  spices and condiments  vegetables and fruits  flowers  dried goods  snacks and confectioneries  key export products are  shrimp  basil  nuts  cashews  garlic  rice and corn thailand exports a lot and is one of the richest countries in the world  it enjoys a positive trade balance of  34 3 billion after deducting its annual import total of  227 billion from the  262 billion achieved in export sales  thailand has a gdp of  505 billion  which is pretty decent  considering the per capita gdp is  7 274 thailand largest trading partnersthailand’s top trading partners in 2013 were china  japan  germany  and the united states  the following is the percentage of total trade for the top five countries china – 28 7 japan – 12 5 germany – 11 5 united states – 10 2 singapore – 5 8 one of thailand’s biggest imports is crude oil  they also import a variety of other things including integrated circuits and microassemblies  flat rolled iron or steel products  and computers chicken production in thailandthe thai frozen chicken association  tfca  has forecasted that thai frozen chicken production will grow by 6  in the next five years  the growth is primarily driven by the increasing demand for frozen chicken from foreign buyers    as well as from the country’s own consumers  the thai frozen chicken association has also projected an increase in consumption of frozen chicken by 4  annually over the next five years  reaching a total of 41 million tonnes  nationwide  the thai frozen chicken association head  chirapon sanguansin  said the quality of thai chicken is also worth praising ”thai chicken has become ‘an identity’ for thailand ” he said    “it has good taste  is healthy and doesn’t have harmful chemicals  it’s not just frozen chicken breast  there are a lot of cuts like ribs  thighs and wings mixed in ”the chicken industry is worth us 1 billion in exports a year and employs 80 000 people in the country thailand fozen chicken galery ​contacts us nowcontactthai products llcwhatsapp   61 3 9028 2716phone   61 3 9028 2716email infothaipllc gmail comemail  sales thaipllc gmail com address  m002 tambon khayung  uthumporn phisai district  sisaket  thailandsocialsfacebookinstagramlinkedintelegramproductsvisit us© 2021 all right reserved  designed   marketing by future investmentin partnership with brazil poultry association 
5,heavy supplyhomeservicestrackingprivacysitemapcontactselecteer een taalnederlandsafrikaansalbaneesamharischarabischarmeensassameesaymaraazerbeidzjaansbambarabaskischbelarussischbengaalsbhojpuribirmaansbosnischbulgaarscatalaanscebuanochichewachinees  traditioneel chinees  vereenvoudigd corsicaansdeensdhivehidogriduitsesperantoestsewefinsfransfriesgalicischgeorgischgrieksguaranigujaratihaïtiaans creoolshausahawaïaanshebreeuwshindihmonghongaarsiersigboijslandsilocanoindonesischitaliaansjapansjavaansjiddischkannadakazachskhmerkinyarwandakirgizischkoerdisch  kurmanji koerdisch  sorani konkanikoreaanskriokroatischlaolatijnletslingalalitouwslugandaluxemburgsmacedonischmaithilimalagasimalayalammaleismalteesmaorimarathimeiteilon  manipuri mizomongoolsnepaleesnoorsodia  oriya oeigoersoekraïensoezbeeksoromopashtoperzischpoolsportugeespunjabiquechuaroemeensrussischsamoaanssanskrietschots keltischsepediservischsesothoshonasindhisinhalaslovaakssloveenssoendaneessomalischspaansswahilitadzjiekstagalogtamiltataarsteluguthaitigrinyatsjechischtsongaturkmeensturkstwiurduvietnameeswelsxhosayorubazoeloezweedsmogelijk gemaakt door translatehomepagecompanyservices22junestandard servicesheavy supply is unique in that we offer the convenience of a read more   09junepickup and delivery servicesheavy supply will pickup and deliver your vehicle at your read more   31mayprotection servicesthis service provides your vehicle the most protection read more   25maypriority servicesthis service will decrease your estimated transit time by read more   welcometoheavy supplycompany services we offer heavy supply provides a variety of shipping services for a complete range of vehicles  including cars  trucks  vans  motorcycles  boats  rvs and more  with a variety of car shipping services available  customers have the convenience of scheduling pickup and delivery at either their doorstep or at a local terminal  heavy supply is the only car shipping company to offer affordable terminal to terminal service or true heavy supply service what makes heavy supply differentheavy supply is a  carrier     we own and operate a fleet of trucks  and together with our network of terminal partners and their trucks  we control the movement of your vehicle from start to finish  many of our competitors are  brokers  who turn around and book your move with a carrier on your behalf  when you book with heavy supply   you are eliminating the  middleman  by booking directly with the carrier  learn more about how heavy supply is the right carrier for you  what we ship and how we shipcopyright © 2018   2022 heavy supply
6,franchise puppies farmhomeabout usavailable puppieshealth guaranteetestimonialcontact uswe provide the best puppies for pet loving familieswe breed for love  not money  there’s no perfect price for a true friend or a good companion available puppiesmoney back guaranteewe will gladly take back our pup even after a year or whenever you feel like you don’t need it  we are against puppy mills so you can call us if you’re no longer able to keep the dog  all of our pups and dogs are sold with a minimum of 1 year health guarantee against genetic hip  heart   eye defects our dogs are raised not only for the quality of the breed but for their human friendly compatibility and unique temperament  all of our dogs are handled by our children and raised in a loving environment  we would be proud to help you find your next companion  we’ll be glad to add a new member to your home  we have passionately bred and given out puppies to many homes worldwide   available puppiesaustralian shepherd puppiesview australian shepherd puppiesbichon frise puppiesview bichon frise puppiesboerboel puppiesview boerboel puppiesboston terrier puppiesview boston terrier puppiescane corso puppiesview cane corso puppiesking charles puppiesview king charles puppieschihuahua puppiesview chihuahua puppieslabrador retriever puppiesview labrador retriever puppiesmaltese puppiesview maltese puppiesmaltipoo puppiesview maltipoo puppiespitbull puppiesview pitbull puppiespomeranian puppiesview pomeranian puppiessharpie puppiesview sharpie puppiesshih tzu puppiesview shih tzu puppiespomeranian puppiesview pomeranian puppiescontact usdiscounts today on puppies purchased      we love our customers  so feel free to contact us anytime message us on whatsappfranchise puppies farmcopyright © 2022 franchise puppies farm   all rights reserved available puppiesaustralian shepherd pupsbichon frise puppiesboerboel puppiesboston terrier puppiesbull terrier puppiescane corso puppiesking charles puppieschihuahua puppieslabrador puppiesmaltese puppiesmaltipoo puppiespitbull puppiespomeranian puppiessharpie puppiesshih tzu puppies
7,little furry kennelhomeaboutavailable puppieshealth guaranteetestimonialcontact usour breedsour mission is to bring you a happy  healthy   quality puppy quality and reliabilitycontact uswelcomewe are a family of pet lovers  breeding puppies as a hobby  raising them in our living room along with children and other pets find out morebuy boston terrierbuy shih tzubuy french bulldogbuy dachshundbuy bullterrierbuy french mastiffbuy king charlesbuy doberman pinscherbuy jack russelbuy golden retrieverbuy german shepherdbuy maltesekindly whatsapp us for quick responsemessage us on whatsapplittle furry kennelcopyright © 2022 little furry kennel   all rights reserved aboutavailable puppieshealth guaranteetestimonialcontact uscavalier king charlesmaltese puppiesfrench bulldog puppiesgerman shepherd puppiesshi tzu puppiesgolden retrieverjack russell puppiesbosten terrierdoberman pinscherstaffie puppiesfrench mastiff puppies
8,skip to contentmain menusa global courierground or air  there is no stopping for us ground or air  there is no stopping for usstarting from loading to unloading and maintaining the highest standards in terms of safety while in transit  we take nothing to chance  track shipmentrequest a quick quotesa global courierunbeatable trucking and transport servicesstarting from loading to unloading and maintaining the highest standards in terms of safety while in transit  we take nothing to chance storagewe take pride in catering to a broad range of clientele throughout the country with our warehousing services  which is comprehensive  reliable and flexible – qualities that are essential to help businesses in this market  our experienced experts …read morecargoteam of cargo experts are always available to help you with any queries you might have  or if you want to consult in length your logistic requirements  we would study your requirements and provide you with a quote that would not only suit your …read morelogistic servicewe provide logistic services in the nation  whether it is freight transportation  supply chain solutions  warehousing and distribution  customer resource area services  customs  security and insurance  temperature controlled logistics  industry …read moresa global courierour core valueswritten by sa global couriercore values are the fundamental beliefs of a person or organization  the core values are the guiding principles that t dictate behavior and action  core values can help people know what is right from wrong  they can help companies determine if they are on the right path and fulfilling their business goals  and they create an unwavering and unchanging guide  there are many different types of core values and many different examples of core values depending upon the context request a quick quoteabout uswe take pride in being regarded as one of the most reliable and affordable logistic and warehousing service providers in the country  as a third party logistic service provider  we excel at a range of logistic services  which includes trucking services  warehousing services  logistic services  and a range of other ancillary services about uswrite us emailinfo saglobalcourier comname  email  contact number  subject  message  submitcopyright © 2020 sa global courierpowered by ethical graphic world
9,skip to contentsearchmain menuwe offer a one stop solution for container trading and logistics 10ft containers20 ft containers40ft containersview all productsaba intercontinetal shipping containersyour one stop container solutionwe offer a one stop solution for container trading and logistics  our objective is to deliver revolutionary innovations and technologies to our customers to help them satisfy their customers as quickly  easily and effectively as possible shipping containers for sale  hire   modifications10ft  20ft  40ft  45ft  53ft shipping containers availableshipping containers for sale10ft  20ft  40ft  45ft  53ft shipping containersundoubtedly  we have a massive range of new and used shipping containers for sale  additionally  we have plenty of specialty and refurbished shipping containers for sale request a quote nowhot specialsdestinations10 new shipping containerl10ft 3 05m  x w8ft 2 44m  hight 8ft 2 59m  weight 0 909t 08 25t 20  new   one trip shippingimperial  19ft 10 4″ long x 8ft wide x 8 5ft tall metric  6 058 m long x 2 438 m wide x 2 591 m tall40  new   one trip shipping40ft x 8ft6 x 9ft6 external height 2890mm   113 78 inches  9 48ft internal height 2680mm  105 5 inches   8 79 ftduocon containerexterior length  12 192 width  2 438 height  2 591open side  os  containers20′ open side  os  or full side access  fsa  shipping container is a iso standard container suitable for international transportation  the container has basic pair doors in one end  and full side access on one side of the container  this provides optimal loading access with a forklift and for loading oversize cargo reefer containersreefer  or refrigerated  containers are used to transport good in a temperature controlled environment  this may include fruits  vegetables  drinks  meat  or medical supplies and samples  the refrigeration unit is fitted to the container and runs off the ship’s power supply  they are available in a range of sizescontact uswe offer new and used units in a range of sizes  including 10′  20′  40′  45′ and 53’  whether you need one container  hundreds of containers  or total logistics  we are the simple  ethical  efficient and affordable solution for your needs call text   1 727 756 9199info abaintercontinentalcontainers comfacebook f twittername  email  phone number  city state  country  container type  delivery address  messagesubmitcontact ushome10ft20ft40ftreferconverteddouble doorducconopen side  os iso tankchassismoremenu togglesign up to receive email updates  fresh news and more email  subscribecopyright © 2020   powered by aba container
