URLs,Target
https://www.awesomeaussieshepherd.com,
http://www.gclservice.co.za,
https://www.gcloanservice.com,
http://www.authenicbiodocs.com,
https://www.thaiproductsllc.com,
https://heavy-supply.com,
https://www.franchisepuppiesfarm.co.za,
https://www.littlefurrybreedershome.co.za,
https://www.saglobalcourier.com,
https://www.abaintercontinentalcontainers.com,
https://www.emscontainer.co.za,
https://www.vintageinvestmentfunding.com,
https://www.manamangroupltd.com,
https://www.afclgroup.com,
https://www.giic.group,
https://www.prudentcreditunion.com,
https://www.go2loan.online,
http://www.creditunionandfinance.com,
http://www.indemnityfinance.com,
https://www.trustdevbplc.com,
https://www.atlasbancorp.com,
https://www.davpetlandhomepuppies.co.za,
https://www.mnrialyashahils.co.za,
https://www.aeropets.online,
https://www.easyexpresscouriers.com,
https://www.azirebulldogbreeders.co.za,
https://www.hansenpups.co.za,
https://www.elvirapuppies.co.za,
https://www.amazingpuppiesheaven.co.za,
https://www.wcoildistributors.co.za,
https://www.tulipcitizens.com,
https://www.globalswiftcargo.online,
https://www.eminifxtrading.com,
https://www.goldem.org,
https://www.premiumteacupaws.co.za,
https://www.firstpetstore.co.za,
https://www.christmastreasures.co.za,
https://www.luckymunchkinkitten.com,
http://www.centennialbk.com,
https://www.vinaigerswholesalespapers.co.za,
https://www.vellamoshetrading.co.za,
https://www.variousautoandmachinery.co.za,
https://www.magnumeb.com,
https://www.zlceg.com,
http://www.agric-ministry.com.ng,
https://www.pawslover.co.za,
https://www.eskimsamoyedpuppies.com,
https://www.winnerlogistics.net,
https://www.chaekapoptabget.com,
https://www.jdmchaekapoptabget.com,
https://www.vetropugpuppies.com,
https://www.hneppump.com,
https://www.hnep-pump.com,
https://www.westendkennelfarmusa.com,
https://www.thompsonskennel.com,
https://www.vanamaglobaltrading.co.za,
https://www.transactcontainers.co.za,
https://www.tractorslandmachines.co.za,
https://www.teempireusedexcavator.co.za,
https://www.supremepropertysa.co.za,
https://www.standbydieselgenerators.co.za,
https://www.speedcourier-au.com,
https://www.saglobalchemicalimpexp.co.za,
https://www.romanmotorsandspares.co.za,
https://www.pureimpactmachinery.co.za,
https://www.petmoversinternational.com,
https://www.perryseggsfarm.co.za,
https://www.paulogenerators.co.za,
https://www.outpostlogistic.co.za,
https://www.phantastictoys.com,
https://www.intertransitlogistics.com,
https://www.mwslivestockpoultry.co.za,
https://www.lunahpuppies.co.za,
https://www.swiftdocumentsonline.com,
https://www.landertrading.co.za,
https://www.kvagen.co.za,
https://www.goodwoodimportandexportgrpltd.com,
https://www.hanrob.co.za,
https://www.globalchemics.com,
https://www.foreverfurry.co.za,
http://www.swiftbankonline.com,
http://www.ntbtrustunion.com,
https://www.kittenshome.co.za,
http://www.swiftonline.cc,
https://www.premiertrustob.com,
https://www.pitbk.com,
https://www.equityfirstbank.com,
http://www.asconkb.com,
http://www.masscashgroups.co.za,
http://www.perkinsdiamondonline.com,
http://www.vintagecreditunion.com,
http://www.vatrafinance.com,
http://www.capexcbnk.com,
http://www.europeancapitaltrust.com,
http://www.firsrnc.com,
http://www.royalinland.com,
http://www.trifinect.com,
https://www.newtrustholdings.com,
https://www.trustcoastholdings.com,
https://www.pnccreditunion.com,
https://www.ctibplc.com,
https://fortescueunionbnn.com,
https://www.emeraldheritagebank.com,
http://www.emeraldpremierbank.com,
https://www.hartsonroyal.com,
https://hamsfordcreditunion.com,
https://www.adonexbk.com,
http://www.greenfielduklabs.com,
https://www.greenfielduklab.com,
https://www.bukbeservices.com,
https://www.turkfinbaonline.com,
https://www.trustwealthprivate.org,
https://www.silverbirdcreditunion.com,
https://www.neutraedgecu.com,
https://www.nbcu-group.com,
https://www.intlbankofengland.com,
https://www.fostersavings.com,
https://www.firstcooperativebank.com,
https://www.credencetrustcorp.com,
https://www.costrustinvestmentbank.com,
https://www.alvatoremanagers.com,
https://www.westernridgegroup.com,
https://www.globfinanceservice.com,
https://www.acefinancebank.online,
https://www.accurecreditunion.com,
https://www.mcu-be.com,
https://www.trinitycapinvestment.com,
https://www.agricomachinery.co.za,
https://www.jazminkittens.co.za,
https://www.alafrikimerchants.com,
https://www.asahaldistribution.com,
https://www.ksgetranke.de,
https://www.agrogreeninvltd.com,
https://www.kslawsolicitors.com,
https://www.vivasolicitors.com,
http://www.vivasolicitor.com,
https://www.premiuminsuranceassets.com,
https://www.avianexoticpets.com,
https://www.crescendopets.com,
https://www.bothakennel.co.za,
https://www.bambuibulldogs.co.za,
https://www.puppyzone.co.za,
https://www.alrashidprojects.com,
https://www.golfoale.com,
https://www.friendlyhorses.com,
https://www.heydaypinballs.com,
https://www.zero-prepaid-finances.com,
https://www.megamineralsgroup.com,
https://www.sturdypinballs.com,
https://www.magnatetradinginv.com,
https://www.chempathlab.com,
https://www.starlinemunchkin.com,
https://www.universalcontainerexpert.com,
https://www.graciousmainecoon.com,
https://www.ggpdenmark.com,
https://www.ltccoilsupplies.com,
https://www.agritriochemicals.com,
https://www.vandelvachemicuniversal.com,
https://www.glochemic.com,
https://www.heavenlyhopeteacupmatesepuppies.com,
https://www.amazingfamilypuppies.com,
https://www.bestwaypuppieshome.com,
https://www.goldkittensprojects.com,
http://www.cicpcb.net,
https://www.agrilivestockmarket.co.za,
https://www.nadyexpressdelivery.com,
https://www.netglobalxpress.com,
https://www.trustcorpcreditunion.com,
https://www.universalpostalservice.com,
https://www.zenithexpress.net,
https://www.opic-construction.site,
https://www.lakedoorslogisitics.com,
http://rockwellmainecoonhome.com,
https://www.easeminers.com,
https://www.financhfinance.com,
http://www.bio-finergyenergy.com,
https://www.allianceroyalchamber.com,
https://www.ftbbankplc.com,
https://www.virtuousmainecoon.com,
https://www.isbk.kz,
https://www.sunluck.kz,
https://www.atlanlogisticsnet.com,
https://www.rosederbycattery.com,
https://www.topfelinebreeders.com,
https://www.alliedtrust-shipping.com,
http://www.ancyconstruction.com,
https://www.clbrokerage.com,
https://www.fblon.com,
https://www.fastbizl.com,
https://www.barpbnp.com,
https://www.leondragroup.com,
https://www.thaipattingots.com,
https://www.ranyaphoemkhuen.com,
https://www.sirirukbonsanit.com,
https://www.kritsanapanttaeng.com,
https://www.pongthornkitchawasuwan.com,
https://www.rainforestcorgis.com,
https://www.rockwellpembrokewelsecorgie.com,
https://www.hondjiesplek.com,
https://www.globalpoultryexporters.com,
https://www.hamofydermalsuppliers.com,
https://www.globalafricangrey.com,
https://pilnanfarmers.weebly.com,
https://www.smokelesstobacco-canada.com,
https://www.melcoinsfunding.com,
https://www.lovingtonsarmorshop.com,
http://www.buycounterfeitonline.com,
https://www.expresslogisticstransport.com,
https://www.globallogisticsxpress.com,
https://www.fastshippingexpress.com,
https://www.mgntrading.co.za,
https://www.landmargeneraltrading.co.za,
https://www.lotaremandgeneraltradingptyltd.com,
http://www.uzaafricapapers.co.za,
https://www.uniquecatshome.com,
https://www.gloriouspuppieshome.com,
http://www.ecogloballogisticsltd.com,
https://www.globalchemicalexporters.com,
https://www.jetjackrussellhome.com,
https://www.ammonsbritishshorthairkittens.com,
https://www.britishkittycattery.com,
https://www.kimsminidoxies.com,
https://www.anitapuppieshome.com,
https://www.amakhosicontainersales.com,
https://www.moozaycontainers.co.za,
https://www.banayobulldogs.com,
https://www.manjongbulldogs.co.za,
https://www.telersvansuid-afrika.co.za,
https://www.nemzatradings.co.za,
https://www.paradepaws.co.za,
https://www.betacoin-investment.us,
https://www.usedcar23.com,
https://www.drewminiaturedachshunds.com,
https://www.stateroyalsaving.com,
https://www.vpowersecuritysafe.com,
https://www.youngandchangconstructionllc.com,
https://www.ryanautoshipping.com,
https://www.royalnuerohospital.com,
https://www.camkospecializedbnk.com,
https://www.royalhearthospital.com,
https://www.realestate-digitalmininig.com,
https://www.unitedtbonline.com,
https://www.primxchange.com,
https://www.premiuminvestorsb.com,
https://www.hillcrestpetshome.co.za,
https://www.helliolendings.com,
https://www.haguechambers.com,
https://www.globalprimexbt.com,
https://www.dynamiconstructionllc.com,
https://www.davebrimequipments.com,
https://www.danksognsecurity.com,
https://www.cforniaproperty.com,
https://www.stenadrillingdelivery.online,
https://www.fborients.com,
https://www.capcbs.com,
https://www.nsiahlaw.com,
https://www.movin2u.com,
http://www.ltcrunion.com,
https://www.kasikbsk.com,
http://www.agreenlumber.com,
https://www.handrewlumberco.com,
https://www.greendartcs.com,
https://www.collectpointconstructions.com,
https://www.dlxarts.com,
https://www.amefnsb.com,
https://www.alvinast.com,
https://www.alexjasonengineering.com,
https://www.pinnaclefsp.com,
https://www.cynthiapurebreeds.com,
https://www.shamleypitbulls.com,
https://www.conocotradings.co,
https://www.ammoalusilivestockfarming.co,
https://www.ceracastpoultryfarm.com,
https://www.wpb-uk.com,
https://www.elisiuspb.com,
https://www.oceanicob.com,
https://www.dacecreditunion.com,
https://www.earlystagecu.com,
https://www.solitudecunion.com,
https://www.universalfincorp.com,
https://www.mykonosoffshore.com,
https://www.chelsfieldprivate.com,
https://www.eddingtononline.com,
https://www.rbsukonline.com,
https://www.buycounterfeitdoc.com,
https://www.onlinepetsvilla.com,
https://realdocumentproviders.com,
https://www.kittycoons.com,
https://www.benpuppieshome.com,
https://www.petshome.co.za,
https://www.southbeautifulhome.com,
https://www.abdullazayed-capitals.com,
https://www.fslprojectmgt.com,
https://www.kanzalshamsprojectmgt.com,
https://www.mendozaandkruger-law.com,
https://www.centerspaceofs.com,
https://www.westmountainofs.com,
https://www.firstlightunion.com,
https://www.goldfleeceofs.com,
https://www.timelessjewelleryinc.com,
http://www.acctdept.org,
https://www.flossypuppies.co.za,
https://www.lushvalleylivestock.co.za,
https://www.reesk7.co.za,
https://www.bspoultryfarm.co.za,
https://www.safecltd.com,
https://www.freewaydeliveryint.com,
https://www.olsshipping.com,
https://www.butterscotchpups.co.za,
https://www.tradingsx.com,
https://www.titantrustltd.com,
http://www.platinumgf.com,
https://www.onlinehalkbank.com,
https://www.industrialpumpstech.com,
https://www.gisuppliestech.com,
https://www.nsw-logistics.com,
https://www.blb-transport.com,
https://www.baycloft.com,
https://www.fenwinandsssociates.com,
https://www.happyplcez.co.za,
https://www.zelfinance.com,
http://www.agroalliedinvestmentcompany.com,
https://www.skycargodelivery.com,
https://www.premiersignalcoins.com,
https://www.oskbnkcambodia.com,
https://www.goldtraderscoin.com,
https://www.firstwaycourier.com,
https://www.capitalonlinefirm.com,
https://www.247treasuredelivery.com,
https://www.haywireoffshore.com,
https://www.businessfinance-capital.com,
https://www.mikaeloivaengineering.com,
https://www.daoesengineering.com,
https://anbcreditunion.com,
https://www.tmsftr.com,
https://www.kreditfinanzbank.com,
https://www.gaddandrudd.com,
https://www.walmarc-credit.com,
https://www.tibas-online.com,
https://www.hermesexpressocean.com,
https://www.pmandcobuilding.com,
https://www.turkiyeis-bankasi.com,
https://www.honsenchambers.com,
https://www.zellingtonco.com,
https://www.primaxengineering.com,
https://www.zoubipetro.com,
https://www.pathfinderoil.com,
https://www.xancooil.com,
https://www.ricferoilandgas.com,
https://www.spaceleadengineering.com,
https://www.vehitpetroleum.com,
http://www.uniquebocam.com,
https://www.ban-kubs.com,
https://www.salemabdulraheeminvestmentas-kw.com,
https://www.harodius.com,
https://www.citylinkcapital.com,
https://www.lcgroots.com,
https://www.tamarantrans.com,
https://www.ingeniotrans.com,
https://www.gestionautomovilistica.com,
https://www.cochesana.com,
https://www.pacocoches.com,
https://www.sparkylandbreeders.com,
http://www.eximbkintl.com,
https://www.shippersglobal.com,
https://www.amorexequipmentllc.info,
https://www.leadwaycontainer.co.za,
https://www.intaagripros.co.za,
https://www.express-zb.com,
https://www.exquisitepets-sa.com,
https://www.sbpapermanufacturer.com,
https://www.property-expert.homes,
https://www.norwoodmt.com,
https://www.ultrashippingcontainers.com,
https://www.containerkings.co.za,
https://www.excellentteacupbreeders.co.za,
https://www.lorainefouriekittens.co.za,
https://www.papersltd.com,
https://www.ltmsccltd.com,
https://www.stronghealthmedical.com,
https://newcitycreditu.com,
https://www.ponalibfb.com,
https://www.shanghaiintfnc.com,
https://www.keywaysaving.com,
https://www.pacebankplc.com,
http://www.103-boi.com,
https://www.vertexcapitaltrust.com,
https://www.sfo-ir.org,
https://www.hedgefiduciary.com,
https://www.fastcitycourierservices.com,
https://www.goldenpeakcu.com,
https://www.acespeeddelivery.com,
http://www.hunchologisticsllc.com,
https://www.grandbicfnc.com,
https://www.deptofjustices.com,
http://www.metrocass.com,
https://www.tleecu.com,
https://www.maxgrantfiduciary.com,
https://www.cdbnkcn.com,
https://www.brooklifnc.com,
https://www.istrustint.com,
https://www.firstcapitalusbank.com,
https://www.mpvtbk.com,
https://www.lorainefouriepups.co.za,
https://www.mukzaniolamchambers.com,
http://www.banqueatlantique.co,
http://on-securetrust.com,
https://www.doubleaglobal1991public.com,
https://www.utahcreditu.com,
https://www.skywisefcu.com,
https://www.comiccrestfnc.com,
https://www.firstsharefaxcu.com,
https://www.blueprimefnc.com,
https://www.connexusgmfnc.com,
https://www.apexcapitaltrust.com,
https://www.naturalbasefnc.com,
http://www.pomcrestfnc.com,
https://www.wavincoastfnc.com,
https://www.texascitycu.com,
https://www.firstcenturyinvestment.com,
https://www.royalspringb.com,
https://www.nationspolitanplconline.com,
http://www.westcitizensb.com,
https://www.ziraat-ba.com,
https://www.speedpointexpres.com,
https://www.igi-invest.com,
https://www.pchlotery.com,
https://www.noblepurityb.com,
https://www.aerospeeds.com,
https://www.alphatradescapbk.com,
http://www.coin-devidend.com,
https://www.marcoefex.com,
https://www.stock-experts.life,
http://www.3xfundz.com,
https://www.abcexportgroup.co.za,
http://www.transatlanticdelivery.org,
http://www.tdholdingsllc.org,
http://www.transatlanticdeliveryservice.com,
http://www.equityemployeesbank.com,
https://www.jokorinstationaries.co.za,
https://www.vanzylhondjiehuis.com,
https://www.rosepuppieshome.com,
https://www.crystalkittensclub.com,
https://www.magicmushroomscenter.com,
https://royalpsychedelicstore.com,
https://www.ngunifarmingsolutions.com,
https://www.jupiter-dex.com,
https://www.evapack.co,
http://www.urbanlendingfinancelimited.com,
https://www.sukrittaoutboards.com,
https://www.sukrittarsnasuwan.com,
https://www.chanapaoutboards.com,
https://www.eaksp.com,
http://www.globalelectroniccoltd.com,
https://www.thaisaleglobalpapercoltd.com,
https://www.stworldsalescoltd.com,
https://www.sgthaicoltd.com,
https://www.centralpoultryprocessingcoltd.com,
https://www.trinitycatterykittens.co.za,
https://www.slushpuppies.co.za,
https://www.kalaymifarm.co.za,
https://www.infinitypuppieshome.co.za,
https://www.brilliantslivestock.co.za,
https://www.timbercreekkennel.co.za,
https://www.torqucos.com,
https://www.hitncose.com,
https://www.utacose.com,
https://www.traccos.com,
https://www.satowcose.com,
https://www.safwexpress.com,
https://www.quicklancose.com,
https://www.oceawcos.com,
https://www.natalieadorables.com,
https://www.longlabreedershome.com,
http://www.easyrental.co.za,
https://www.crossquick.com,
https://www.agro-greencityfarm.co.za,
http://www.finansbs.com,
https://www.apexcapitalcoinex.com,
https://www.johnsonyorkshirepuppies.com,
https://www.wagglepuppies.com,
https://yorkiespuppiessale.com,
https://www.buylegitpassports.com,
https://www.topgunsmart.com,
https://www.heavenlykittens.co.za,
https://www.transafricafarm.co.za,
https://www.cavallafarms.co.za,
https://www.perfectpuppiestoday.com,
https://www.dsts-transporte.org,
https://www.excitedbycarsltd.co.uk,
https://www.agocomplianceltd.com,
https://www.365globalexpress.com,
https://www.relliancebltd.com,
https://www.taylormotorsincsc.com,
https://www.paulaspoddles.com,
https://www.primersales.us,
https://www.countrysidepuppybreeders.co.za,
https://www.lepsiaussiepuppies.com,
https://www.uniquedoghome.com,
https://www.paulaspoodle.com,
https://www.eximasworld.com,
http://www.nedbnk.co.za,
https://www.perfectenergy.online,
https://www.familyraisedpups.co.za,
https://www.ifcu.online,
https://www.ifcumobile.online,
https://www.trustabudhabibank.com,
https://www.orlenstrustbank.com,
https://www.mattiekennel.com,
https://www.hollycitybplc.com,
https://www.teddyshibainupuppies.com,
http://www.eabank.org,
https://www.mypuppiespawz.co.za,
https://www.dreamyorkshires.com,
https://www.danfamilyfarm.com,
https://www.nunezmarcos.com,
https://www.bigpoultryfarm.com,
https://www.darkchemsvendor.com,
http://www.royalempireyorkshires.com,
https://www.tradedistributions.shop,
https://www.juliaschnauzerpuppies.com,
https://www.xpressworldpostal.com,
https://www.airneba.com,
https://www.scottdachshundpupies.com,
https://www.goldendoodlespot.com,
https://www.globalmoveslogistics.com,
https://www.earthglamourpets.com,
http://www.globalshiplogistics.com,
https://www.ferrets4homes.com,
https://www.timesaverholding.com,
https://www.camwoodsarl.com,
https://www.bambakltd.com,
https://www.toppalletsliquidator.com,
https://www.robinsonteacuppoodleshome.com,
https://www.globallfreightlogistics.com,
https://www.gunsandammo.shop,
https://www.mycavapoopuppies.com,
https://www.thelashopdispensary.store,
https://www.heartmainecoon.com,
https://www.theshopladispensary.store,
https://jewelteacuppuppies.weebly.com,
https://www.saddlesranch.com,
https://www.greenboysdispensary.shop,
https://www.ganjalanddispensary.com,
https://www.premiumfeedmill.com,
https://www.teacupyorkiepuppiesonline.com,
https://www.darlingtonteacupyorkies.com,
https://www.donovanmagicbernedoodles.com,
https://www.eminentcourier.net,
https://www.bijouteacuppuppie.com,
https://www.miniaturesdaschundspuppies.com,
https://www.minidachshundpuppy.com,
https://www.dynamite-pro.com,
https://www.finestpitbullpuppies.com,
https://www.swiftfreightlogistics.co,
https://www.dachshundvalley.com,
https://www.paxkennels.co.za,
https://www.jumkwalivestockfarm.co.za,
https://www.mantirilengmahlo.co.za,
https://www.kunekunepigshalbertfarms.com,
https://www.firearmsvilla.com,
https://www.stanshinhancbonline.com,
http://www.diamondcapitalgroups.com,
https://www.diamondcapitalinvestmentgroups.com,
https://www.aiinvests.co.uk,
https://www.astravetpharmaceutical.com,
https://www.krishnamanufacturingenterprises.com,
http://www.lbarclqysnlb.com,
https://www.peakfundfinance.com,
https://www.queensfrenchbulldog.us,
https://www.seagroa.com,
https://www.usmdefensestc.com,
https://www.usamildept.com,
https://www.militarysupportunits.com,
https://www.fastexpress-logistics.com,
https://www.militarydefensedept.org,
https://www.emergency-usleave.com,
https://www.departmentofdefencebase.com,
http://www.bitfarmclub.com,
https://www.my-brokerbase.com,
https://www.primecoinage.com,
https://www.morgancreditunion.com,
https://www.aceswiftcourierservices.com,
https://www.capitaldeliveryservice.com,
https://www.bluepearllogistic.com,
https://www.securecitytrust.online,
https://www.first-citizens.co.uk,
https://www.theclearinghouse.online,
https://www.newgenerationlivestock.co.za,
https://www.mykittenshouse.com,
https://www.adamlivestock.co.za,
https://www.tractorsandtrailerspro.com,
https://www.rkaweickiproperty-group.com,
https://www.metroparcels.com,
https://www.cuttagricfarm.co.za,
https://www.cutepawcompanion.com,
https://www.bellavonkennel.co.za,
https://www.guardianpuppieskennel.co.za,
https://www.nederlandsetradingcompany.com,
http://www.cargofreightserv.com,
http://www.easysolutioncourier.com,
https://www.globaltradewheel.com,
https://www.oakrootsofs.com,
https://www.entrisfsonline.com,
https://www.miniaturepuppiesworld.co.za,
https://www.micazchemicalsolution.com,
http://www.businessfundingfinance.com,
http://www.berkshirefinancialltd.com,
http://www.royalbfc.site,
https://www.nbtcredit.com,
https://www.brazil-sulinafoods.com,
https://crownpets.co.za,
https://www.dandcmachinery.co.za,
https://www.vaalviewheavymachinery.com,
https://www.kuhlaselivestockfarming.co.za,
http://www.minorapoultry.co.za,
http://www.lukapoultry.co.za,
https://www.almuharraqgroupltd.com,
https://www.idcinvestmentllc.com,
https://www.stoculmaci.com,
https://www.qemertrust.com,
https://www.trustfinonline.com,
https://www.fiyataconstructions.us,
https://www.pawspotsa.com,
https://www.terrypups.co.za,
https://www.althanifinhouse.com,
https://www.macneltradingenterprise.co.za,
http://www.localminidachshundpuppies.com,
https://www.tracmanholdings.com,
https://www.happycompanionpuppy.co.za,
https://www.hondjiestekoopza.co.za,
https://www.byronbeheer.com,
http://www.fbscargo.ga,
http://www.highcityexpresscourier.com,
https://www.jmhcargo.com,
http://www.siyapoult.co.za,
https://www.chriskittenshome.co.za,
https://www.granadaengineering.com,
https://www.smartmunchkinkittenshomes.com,
https://www.zstulogroupptyltd.co.za,
https://www.agrosaglobalholdingsptyltd.co.za,
https://www.sanitycompanions.com,
https://www.williamsdynamicmaltesepuppies.com,
https://www.africanpowermachinery.co.za,
http://www.investsubsbk.com,
https://www.glfinb.com,
https://www.kemmerichgmbh.com,
https://www.intl-mt.com,
https://www.greenhorseranchsales.com,
https://www.ocean-node.com,
https://www.kittenup4sale.com,
https://www.engelhardtkatze.com,
https://www.chemicalsextreme.com,
https://www.briliaintkittenshouse.com,
http://www.ciaxa-center.com,
http://www.hillviewcredit.com,
https://www.solarinnovationtech.com,
https://www.alobaimportexport.com,
https://www.prolaypoultryfarm.com,
https://www.royaltymonkeyspet.com,
https://www.balinesekittenshome.com,
https://www.australiacontainers.com,
http://www.newintownlawfirm.com,
http://www.chevron-uk.com,
https://www.greenpapercompanyptyltd.co.za,
https://www.amagasakiamericaneskimos.com,
https://www.allamericanfreightlogistics.com,
https://www.airsealmovers.com,
https://www.abortionpillsinmiddleeast.com,
https://www.aaronsexoticpaw.com,
https://www.hempflowersbuds.com,
https://www.jokesupallbuds.com,
https://www.209primersglock.com,
https://www.localpuppygroomers.com,
https://www.departmentcontrolbase.com,
https://www.creastway.com,
http://www.leggedfriends.com,
https://www.un-military.icu,
https://www.boarddefencedep.com,
https://www.craspark.com,
https://www.castroxpress.com,
https://www.carrierxps.com,
https://www.brunchess.com,
https://www.taylorlivestockfarm.co.za,
https://www.amplepitbullpups.com,
https://www.usapethome.com,
https://www.oragrouptogo.com,
https://www.aussiepomandpomskypuppies.com,
https://www.loftpuppies.com,
https://www.largepawscattery.com,
https://www.minnersmine.com,
https://www.cycadnurseryhome.com,
https://www.puppiescorner.dog,
https://www.iheartstruefamily.com,
https://www.expresslanelogistics.com,
https://www.expressflexy.com,
https://www.maydaydeliveries.com,
https://www.prembulldogs.com,
https://www.sameerapetshome.co.za,
https://www.dogslink.co.za,
https://www.saifpuppieshome.com,
https://www.bnk-mail.online,
https://www.firstinternationalbk.com,
https://www.unipeoplescreditunion.com,
https://www.smartinterdispatch.com,
https://www.scu-express.com,
https://www.metrocredunion.info,
http://www.ministry-nig.com,
https://www.gallantfinancialservices.org,
https://www.gallantfinancialservices.com,
https://www.international-mtb.com,
https://www.interlinkfinexpress.com,
http://www.alliancefingroup.com,
https://www.scuonline.info,
https://www.citynationalfingroup.com,
https://www.celtic-finexpress.info,
https://www.amerisbancorpllc.com,
https://www.peterclarkllc.com,
https://www.panglobaldelivery.com,
https://www.ltgeneralpaultcalvert.com,
https://www.ewesttrust.com,
https://www.celticshippingagencie.com,
https://www.unleavedepartment.com,
https://www.usmilitaryonlineleave.com,
https://www.usaleaveportal.online,
https://usmilitaryportalleaveaoffice.com,
https://www.suntrustsgroup.com,
https://www.sterlingstatesbank.net,
https://www.royalgroupsonline.com,
https://www.lpctib.com,
https://www.tymesfinance.com,
https://www.fgbgroups.com,
https://www.elitelibertycu.com,
https://www.cooksunion.com,
https://www.crncreditunion.com,
https://www.bancafinances.com,
https://www.gfloanservices.com,
https://www.abumathaminvestment.com,
https://www.primascityintl.com,
http://www.apply-ucl.com,
https://www.bbinternationalfinances.com,
https://www.platinumgroupsecurities.com,
http://www.illuminati-mail.org,
https://www.kittenslovespot.co.za,
https://www.centricloanservices.com,
https://www.escrowtranspservices.com,
https://www.primepapersexpress.co.za,
https://www.randstadbreedershome.co.za,
https://www.hillspethouse.co.za,
https://www.longhairwego.com,
https://www.smalldogsvictory.com,
https://www.bulimbapets.com,
https://www.darlapuppies.com,
https://www.hd-spedition.com,
https://fiksspedition.com,
https://www.derbyprettypuppies.com,
https://www.cannabisherbsaustralia.com,
https://www.flitwavecourierservice.com,
https://www.hillcred.com,
https://worldpremierfinances.com,
https://www.salfordtrust.com,
https://www.securealliancefunds.com,
https://www.prettiespaws.co.za,
https://www.cofiatrans.com,
https://snbcooperatives.com,
https://www.snbcooperative.com,
https://www.winratefx.com,
https://www.hydrotecpump.com,
https://www.ssadc.org,
https://eliteglobalexpres.com,
https://www.rcd-ae.com,
http://www.crbrda.com.ng,
https://www.dailyminidachshundhome.com,
https://www.cuteminicavoodlespuppueshome.com,
https://www.dynasticnoteshop.com,
http://www.ecb-europe.com,
https://www.bernardbritishshorthair.com,
https://www.monsteraplantshome.com,
https://www.quickdeliverylogistics.com,
https://www.cutecavoodlespuppieshome.com,
https://www.dominantmalshiandcross.com,
https://www.registreradsvensklicens.se,
https://www.realundetectablenotes.com,
https://www.rocobulldogbreeders.co.za,
https://www.petlandkennel.co.za,
https://www.globallivestockfarms.co.za,
https://www.tekbitglobal.com,
https://www.postnllogistic.com,
https://www.bk-exponline.com,
https://www.klpfarm.co.za,
https://bitciti.net,
https://www.dubiuinvest.com,
https://schnellerfuhrerschein48hrs.de,
https://www.europadokumente24hrs.de,
https://www.wik-logistics.com,
https://www.sadogslink.com,
https://www.louiewhitehousepets.co.za,
https://www.britishshorthairus.com,
http://www.franklinfarms.co.za,
https://www.elanfitnessgmbh.de,
https://www.batwaktradingcc.com,
https://www.hoshgroupgmbh.de,
https://www.aquafitsarl.de,
https://www.acisofitness.de,
https://www.gofitgymspzoo-pl.com,
https://www.spartansgymequip-au.com,
https://www.transatlanticshippingline.com,
https://www.brooks-dachshundsdogs.live,
https://www.coastcattlemeat-au.com,
https://www.shippingcontainers4sale-au.com,
https://www.micheal-shihtzupups.com,
http://www.homeofcavalierkingcharlesspaniel.live,
https://www.dynamicexpress.info,
http://www.royalassetsinc.org,
https://www.medlancu.com,
https://www.superfinde-aussies.com,
https://www.starlightfrenchies.com,
https://www.staffy-farmernations.com,
https://www.schnellerfuhrerscheinsicher.com,
https://www.yolidachshundpuppieshome.com,
https://www.credabc.uk,
https://www.luisrogersabogados.com,
https://www.anglogoldbullions.com,
https://www.vastercredit.com,
https://www.mwb-advocaten.com,
https://www.agcet.com,
http://www.remittanceservice.co.za,
https://www.emiratesecurityservice.com,
https://www.orabktogo.net,
https://www.ecrg-inc.com,
https://www.prosperbnk.com,
https://www.abumaithaminvestment.org,
http://www.azzafinances.com,
https://www.registreratsvensktkorkort.se,
https://www.capitalsignaturelogistics.com,
https://www.cargoexpdev.com,
http://www.casterwayparrots.com,
https://www.exppert-logistics.com,
https://www.crystalkittens.co.za,
https://www.worlwidecontainersolutions.co.za,
https://www.casterwaypuppies.com,
https://www.teacupcavapoopuppiess.com,
https://www.cryptominersshop.com,
https://www.minersandgraphiccards.com,
https://www.dachshundforhomes.com,
https://www.globaldeliverysservices.com,
https://www.helpgiversconsult.com,
https://www.rollexelectronicstore.com,
https://www.tradingheavydutymachineryltd.co.za,
https://www.americanbullypuppie.online,
https://www.minipuppies.online,
https://www.happytailsmovers.info,
https://www.familypetsfarm.co.za,
https://www.premiercavapoopups.com,
https://www.premierpups2.com,
https://www.adoptbigdogs.com,
https://www.furbabyadoption.com,
https://www.alsaqibcapitalgroup.org,
https://www.bmalivestockfarm.com,
https://www.tierepeta.store,
https://www.lovelycavoodlepuppies.com,
https://www.24-7velozglobal-logisticshipping.com,
https://www.jokesupedibles.com,
https://www.jokesupruntz.com,
https://www.oneupmushroomsbars.com,
https://www.209primersammoshop.com,
https://www.caliplug420.com,
https://www.transintercontinentallogistics.com,
https://globalfinancialsltd.com,
https://lcmlawyers.com,
https://www.topshelfrso.com,
https://www.globalfreightinternational.org,
https://www.fedexpress-couriers.com,
https://www.soletradinggmbhcompany.com,
https://www.adorableteacuppups.com,
https://www.mcmerthidtrailers.com,
https://www.stuartkittens.com,
https://www.chemicalbrokerltd.co.za,
https://www.orattrust.com,
https://www.communitytrustfinance.com,
http://www.excellentpoultryfarm.co.za,
https://www.livestocksalliance.co.za,
https://www.investmentdennockbank.com,
https://www.us-ironb.online,
https://chloeminibernedoodles.x10.bz,
http://www.klikkbca.com,
https://www.benellifirearms.com,
https://www.christiancharitydogrescue.com,
https://www.fundgeckoloans.com,
http://www.hsbacs.us,
https://www.lindiespurebred.co.za,
https://www.a1woodpellets.org,
https://www.greypacificfs.com,
https://www.minipupskingdom.co.za,
http://www.jbsaves-ltda.com,
https://www.jbs-aves-ltda.com,
https://www.whitesnowfirearms.com,
https://www.perfectshootersgunstore.com,
https://www.kutemainecoonkittens.com,
http://www.admarilogs.com,
https://www.azharcons.com,
https://www.glotovadgcllc.com,
https://www.glotovadgc-llc.com,
http://www.intercargologs.com,
https://www.josttrans.com,
https://www.cattranss.com,
https://www.prudentshipping.com,
https://www.jiminvestmentgroup.com,
https://www.letsmoveyouranimal.co.za,
http://www.ri-charityfoundation.com,
https://www.glamorousfrenchbulldogs.com,
https://www.marvelousgoldenretrieverpups-au.com,
https://www.bomplaypuppies.co.za,
https://www.classypuppybreeder.com,
https://www.allbreedteacuppuppies.homes,
https://www.qualityvapecartridges.com,
https://www.hayforsalenearme.store,
https://www.ubswitzplc.com,
https://www.larrakeyahcatscattery.com,
https://www.familycavaliers.online,
https://www.suissecu.com,
https://www.directaxisltd.co.za,
https://www.winsterbankplc.com,
https://www.mokoenalivestockandpoultryfarm.co.za,
https://www.transmovers-logistics.com,
https://www.smarthavanessepuppies.com,
https://www.chanita-phayakhachai.com,
https://www.starairpetstravel.com,
https://www.bstradingcompany.com,
https://www.petstimerelocators.com,
https://www.mariaclarkefoundation.org,
https://www.monicaroxannpereirafoundation.org,
https://www.anthonyhopkinschamber.com,
https://www.melisateacupyorkiepuppies.com,
https://www.caropresofrenchbulldogpuppies.com,
https://www.buylegitpassportonline.com,
https://www.shibainu-au.com,
https://www.frenchbulldogsnearme.com,
https://www.goldenretrieverparadise.com,
http://www.justice-gov.org,
https://www.judiciary-benin-gov.com,
https://www.supremecourtbenin.com,
http://www.standardbnrsa.com,
https://www.lelekafoundation.com,
https://www.colnbrookexpresslogistic.com,
https://www.atlasexpressdelivery.com,
https://www.happypawsa.com,
https://www.1stgbonline.com,
https://www.douglassabirassociates.com,
https://www.hilcrestfinanbn.com,
https://www.responsiblepetbreeders-au.com,
https://www.richardshomecattery.com,
https://www.akopianpetshome.com,
https://www.ishihtzugarden.com,
https://www.cavoodlepetsshelter.com,
https://www.realcounterfeitmoney.com,
https://www.aussiegrowpuppies.com,
https://www.unitedlogisticsshipping.com,
https://www.ulimolivestock.co.za,
https://www.harvesthomeofgermanrotty.com,
https://www.laurenspuppyfarm.com,
https://www.dogsforhomes.com,
https://www.a-1expressdeliveryservice.com,
https://www.swift-pickup.com,
https://www.sworldex.com,
https://www.schtbken.com,
https://www.transglobale.com,
https://www.transglobalexpressshippings.com,
https://www.transglobalexpresshipping.com,
https://www.metroglobalcompanyservices.com,
https://cavoodlepuppiesforsale.business.site,
https://www.firstskytrust.com,
https://www.cavapoo4homes.com,
https://www.australianshepherdpups.net,
https://www.cadenceftb.com,
https://www.welovedcats.co.za,
https://www.akimbulldogs.co.za,
http://www.4legcompanions.com,
http://www.pudelwelpenhause.com,
https://akcparadise.company.site,
https://www.the-sparklestore.com,
https://www.firearmssuppliesstore.com,
http://www.shoptadpolel.com,
https://www.brazil-frozen-food.com,
https://www.autransgloballogistics.su,
https://botox-dermalfillers.com,
https://www.piaterbestpuppybreeders.co.za,
https://www.globalweedworldwide.com,
https://www.teacuppuppies.su,
https://www.impactmaltesenmaltipoo.su,
https://www.quantumammunitions.com,
https://www.ketaminebuy.net,
https://www.trippyparadiz.com,
http://www.glockhouse.org,
https://www.orderspecial-k.com,
https://nembutal.store,
https://www.bloomcarts.com,
http://www.vapesngazhome.com,
https://www.skyrocketpharm.org,
https://www.deutschefahrausweise.com,
https://www.myrealfakedocuments.com,
https://www.excellentsupplieslimited.com,
https://www.thewatsonplc.com,
https://www.danielscoobyproductionlab.com,
https://www.deereglobaltradecontainers.com,
https://www.sailesindustrialmachinery.co.za,
https://www.rochebooysen.co.za,
https://www.tractortradersltd.com,
https://www.tranxpark.com,
https://www.oakxpress.com,
https://www.goldchees.com,
https://www.militarydefencecamp.com,
https://www.militaryboardcamp.com,
https://www.militaryboardbase.com,
https://www.undpgovgrant.com,
https://www.megatractor.co.za,
https://www.skylapuppygallery.co.za,
https://www.goldernfarmpuppyhome.co.za,
https://www.malutilivestockfarm.co.za,
https://www.ajmanac.com,
https://www.usald.online,
http://www.agropoultry-livestockfarm.co.za,
https://www.warttberconstruction.com,
https://www.breedevleifarm-sa.com,
https://www.jmmgp.com,
https://www.rkmsparamedsupply.co.za,
https://www.beekpacificlivestock.com,
https://www.parcelforcedelivery.com,
https://www.rbs-bnk.com,
https://unworlddelivery.com,
http://www.skyexperienceloan.com,
https://www.apexcityb.com,
https://www.safewaysexpress.com,
https://www.elrenaud-law.com,
https://www.bbbtraders.com,
https://www.marbletrustofs.com,
http://www.bravestoneofs.com,
https://www.welcometofurbabieshome.co.za,
https://www.coastinvestmentalliance.com,
https://www.macbethcontainers.com,
https://www.bzecontainersales.com,
https://www.prime-containers.com,
https://www.ciabonline.com,
https://www.globaldcservices.com,
https://www.royalcreditandloaninternationalbank.com,
https://www.silverbirdsglobal.com,
https://www.dklotzegmbh.com,
https://www.premaxlogisticsllc.com,
http://www.alphagunworld.com,
https://www.tactical-world.net,
https://www.alphahorizonarmory.com,
https://www.bourbonwhiskeywarehouse.com,
https://www.sampayanxpress.com,
https://www.evocanb.com,
https://www.alphabridgearms.com,
https://www.aliafricangreyparrots.com,
https://www.transtechfirearms.com,
https://www.dynastyfirearms.com,
https://www.activepharmastore.com,
https://www.crowleytractors.co.za,
https://www.heavymachinerytrading.co.za,
https://www.agrotractorssupply.co.za,
https://www.globalgatelogistics.org,
https://www.petsloveuae.com,
https://www.onewaydocuments.com,
https://www.wellstrustfinance.com,
https://www.bettonwestbank.com,
https://cocaineforsaleonline.com,
https://www.bettonbank.com,
https://www.pcubn.com,
https://www.gasco-energy.com,
https://www.suncoastfirstcu.com,
https://www.apotheekdevriendelijkheid.nl,
https://www.suretools.shop,
https://www.zendcouriers.com,
https://www.primetractorszone.com,
https://www.supertractorstore.com,
https://www.milestones-logistics.com,
https://www.1stunionb.com,
http://www.agromarketers.com,
http://www.fabbltd.com,
https://www.pharmacielabonte.com,
https://www.pijnpillen.com,
https://www.freewayslogistics.com,
https://www.skyway-logistic.com,
https://www.dolorendo.com,
https://www.valiantshipingcompany.com,
https://www.bestparceldelivery.com,
https://www.swiftdirectcargos.com,
https://www.springmedshop.com,
https://www.eagleswiftesdelivery.com,
https://www.shipp-express.com,
https://www.diamondlogistiicscompany.com,
https://www.pijnstilleroxycodon.com,
https://www.supersoniclinklogistic.com,
https://www.buysuboxoneforpain.com,
https://www.comprarmorfina.com,
https://www.koreaxpressdelivery.com,
http://www.expressintrustdelco.com,
https://www.optiondrugstorepharmacy.com,
https://www.safewaylogisticscompany.com,
https://www.gulfoneinvestmentblk.com,
https://www.linkscourierservice.com,
https://www.auctionchemstore.com,
https://www.gsservices-en.com,
https://www.zenithlogisticsfreight.com,
https://www.onlinevapesshop.com,
https://www.chemicallabus.net,
https://www.compraroxicodonaenlinea.com,
https://www.expresshealthpharmacy.com,
https://www.vieratrans.com,
https://www.acquistaossicodone.com,
https://www.uniccotrans.com,
https://www.espressafarmacia.com,
https://www.homeforfirearm.com,
https://www.trustedmedicalpharmacy.com,
https://www.hclketamaxstore.com,
https://www.nederwietnl.com,
https://www.trustedadderallstore.com,
https://www.kopenoxycodon.com,
https://www.pretconcontainerterminal.co.za,
https://www.urbanworldwidedeliveries.com,
https://www.sawdacapital.com,
https://www.betatradingoptions.com,
https://www.belleairexpress.com,
https://www.royalmonarchbank.com,
http://www.globalpacificbank.com,
https://www.vns-usdoj-gov.com,
https://www.martinjerrygamefarm.com,
https://www.agrolivestockfarms.com,
https://www.mrcontainersptyltd.com,
https://robertroseconsult.webnode.page,
https://www.usamilitaryportal.com,
https://www.internationalfreightlogistics.com,
https://www.advancedshippingcontainers.com,
https://www.transgecos.com,
https://www.sarapidshipping.com,
https://www.proteaironandsteelgroup.co.za,
https://www.lobelogistis.com,
https://www.grahamdachshundpupshome.com,
https://www.mass-relief-grant.com,
http://www.unionalliancebnk.com,
https://midlandhorizonbank.com,
https://www.mfs-finance.com,
http://www.consortiumcreditunion.com,
https://www.hushfb.com,
https://www.fwayshippingservice.com,
https://www.bitexpertoption.com,
https://www.ctub.online,
https://www.grandcreditunion.com,
https://www.psychedeliconlinemalls.com,
http://www.nwintb.com,
https://www.omnistockfulfillment.de,
https://www.capitalinvestmentprivate.com,
https://www.silicontrustbank.com,
http://www.adamcoinvestmentholding.com,
https://www.utpexpress.com,
https://www.wornasbankgroup.com,
https://www.wabixbankgroup.com,
https://www.ranexbankgroup.com,
https://www.nufesbank.com,
https://www.nuchesbank.com,
https://www.mebixbankgroup.com,
https://www.420budfarm.com,
http://www.nationwide-services.com,
https://www.hcbankgroup.com,
https://www.hanelbank.com,
https://www.nabixbank.com,
http://www.neustadtbk.com,
http://www.generalmedicalsuppliers.com,
https://www.1stepeu.org,
http://www.westerncontainerssales.com,
https://www.vmttradingltd.com,
http://www.tradingcompanyglobal.com,
https://www.onetimecourier.com,
https://www.nqobilelayersandcages.co.za,
https://www.quobilelayersancages.co.za,
https://www.ntombelaeggssuppliers.co.za,
https://www.rammyglobalchems.com,
https://www.qualitatsfuhrerschein.com,
https://www.melanyhallkennel.com,
https://www.galitopuppies.co.za,
https://www.cupidbk.com,
http://www.planperfects.com,
http://www.jupiterendbank.com,
https://www.thecodersbrain.com,
https://www.cryptomininginvesment.com,
http://www.citybanken.com,
https://www.skull-bones.org,
https://www.ethanflight.com,
https://www.asb-online.com,
https://www.asbonlines.com,
https://www.globaltradepay.org,
https://www.joutboardworldpty.com,
https://www.kimberleyfieldshome.co.za,
http://www.universalwebhome.com,
https://www.buygunss.com,
https://www.bitcoinsfxtrade.com,
https://www.petloyalluxuries.co.za,
http://www.binancerecruite.com,
http://www.royalqueens.org,
https://www.fincepprivate.com,
https://www.intexglobalservices.com,
https://www.kordekfinance.com,
http://www.uniontrustcapital.com,
http://www.universalfxtrade.com,
http://www.swisstrustfinco.com,
http://www.elysfxtrade.com,
http://www.trustbondcapital.com,
http://www.empirestrust.com,
http://www.proflixcoinage.net,
http://www.optimalgrosstrade.com,
http://www.tdfxtrade.com,
http://www.profitableearnings.com,
http://www.unionfinco.com,
https://www.fastgreenwayservics.com,
http://www.veterxb.com,
https://www.verittex.com,
https://www.furryfamilycats.co.za,
https://www.thedutchcartel.com,
https://www.lmgcontainers.co.za,
https://www.evergreenlivestockfarm.co.za,
https://www.rhinoshippingcontainers.com,
https://www.attichem.com,
https://www.daddygoldenhome.com,
https://www.globalf2cbank.com,
https://www.globalchainfinance.com,
https://www.horsetrailerpullsales.com,
https://www.fundukrainians.com,
https://www.ecosiaonlinebanking.com,
https://money-printing-machine.webflow.io,
https://www.ngyenmbofarm.com,
https://www.gorgeousyorkiepuppiesforsale.com,
https://www.planetweed420.com,
https://www.globalcourriershipping.com,
https://www.kendamilmedicalslimited.com,
https://www.crawfordfreightshipping.com,
http://www.eplancommercial.co.za,
http://www.foreverreadytrading.com,
https://www.maketheworldsafe.com,
https://www.purebredpuppies.org,
https://www.cbd-hempltd.com,
https://www.greensunsolars.com,
https://www.corporatecourierslog.com,
https://www.globallogisticsexpresscourier.com,
http://www.eliitelogistics.com,
http://www.aerospeedcourierservicess.com,
http://www.seagull-logistic.com,
https://www.jbcparcel-dlvr.com,
https://www.ovnisslivestockfarmers.com,
http://www.fastrack-logistics.com,
http://www.peopleunitedb.com,
http://www.theaccesscourierservices.com,
https://www.maxwelllyuchinvestment.com,
http://www.firstbridgeintl.com,
http://www.fasavings.com,
http://www.pigoexpresservices.com,
http://www.staunchsavings.com,
http://www.globaltrustchambers.com,
https://www.k-wlogistics.com,
https://www.pedesinterrasrl.com,
https://ssdsolutionchemicalsvectrolpasteactivation.business.site,
https://ssd-solution-chemicalsvectrol-paste-activation.business.site,
https://www.heinzfinance.com,
https://www.instantglobalpay.com,
https://www.instaglobalpaygroup.com,
https://www.internationalglobalpay.biz,
http://www.tcfonline.site,
http://www.legalconsulatant.com,
https://www.awaninvestmenthcspc.com,
https://www.anchorgradeshipping.com,
https://www.starlikeshipping.com,
https://www.megafarmtractors.com,
http://www.murraypropoultryfarm.com,
https://www.auriminers.com,
https://www.ustoyoulogistics.com,
https://www.bbimportersandexporters.co.za,
https://www.celticheritage-au.com,
https://www.bfsmagriculturalproduct.com,
http://www.epromodraw.co.uk,
http://www.c-sonlineb.com,
https://www.cooperativeagricole.net,
https://gai-group-inc.ueniweb.com,
https://www.iegventurecapital.com,
http://www.zimicglobalservices.com,
https://www.mecomoil-gas.com,
http://www.lukoil-pjsc.com,
http://www.gpsecommerce.com,
http://www.globaldispatchservicesltd.com,
http://www.e-opecfoundation.com,
https://www.thailandjdmengines.com,
https://www.muangchangsugarmill.com,
https://www.rachatawankayo.net,
https://www.bitradinglab.com,
https://www.papierspringfield.com,
https://www.mglpmetal.com,
http://www.globalancebk.com,
https://www.elitetractors.net,
http://www.leopoldjoseph-int.com,
http://www.citylinksglobal.com,
https://www.luckysolarlighttower.co.za,
http://www.igcservice.com,
https://www.bcljsaonline.com,
https://www.alfarmpoultryandlivestock.co.za,
http://www.zantopoultryfarm.co.za,
https://www.labradorwelpenzuverkaufen.de,
https://www.mpsociety.org,
https://www.righteouspuppies-sa.co.za,
https://www.ntombelaeggfarming.co.za,
http://www.chd-hk.com,
https://www.beheerdachshundhome.com,
https://www.ghokanlegal.com,
https://www.ibtkiye.com,
http://www.fortuynn.org,
https://www.ojdocuments.com,
http://www.antiescortcourierdelivery.com,
https://www.shazziavetstreet.co.za,
https://www.apexprimelimited.com,
https://www.borenafarm.com,
https://www.coin-profit.net,
https://www.xgotrade.com,
https://www.strongmindcapital.com,
https://storexinvestment.com,
https://www.sterlingglobalfx.com,
https://www.primecryptobroker.com,
https://www.megabest-trades.com,
https://www.fidelitypal.net,
http://www.goldenfx.co.com,
https://www.ethcxn.com,
https://www.investmoni.com,
https://www.borderrockbank.com,
https://www.worldmulticreditunion.com,
https://www.cal-tradings.com,
https://www.arch-tradings.uk,
https://www.paxlusdt.com,
http://www.texascitybank.com,
http://www.newtrustfinancial.com,
https://www.newtrustfinance.com,
https://www.hopeunitedbk.com,
https://www.enryairlandseas.com,
https://www.proexporttrading.com,
http://www.stadts-munichen.com,
http://www.fcibgroup.com,
https://www.centrolicagrofarms.co.za,
http://www.speedyglobalexpress.com,
http://www.beavexcourier.com,
https://www.northhillpuppies.com,
http://www.denisanannchambers.com,
https://www.deliveryparcelforceworldwide.com,
https://www.jungvogelfarm.com,
https://www.bridgetorxpainmeds.com,
https://www.zachlogistics.com,
https://www.huskypuppysforsale.com,
https://www.ripe2pipeganjashop.com,
https://www.undergroundmedsplug.com,
https://www.counterfeitsmoneyforsale.com,
https://www.globalmeddispensary.com,
https://www.midlandresearchchemicals.com,
https://www.guranty-trust.com,
https://www.usa-federalbureau.org,
https://www.supansatarioutboard.com,
https://www.ecumenicalexpertmining.com,
https://www.topnotchpsychedelics.com,
http://www.en-turkish.com,
http://www.navyfedcuonline.com,
https://www.worlddeliverycourier.com,
https://www.westernbankplc.com,
https://www.usfedreserveonline.com,
https://www.ucbiplc.com,
https://www.turkishonline-tr.com,
http://www.mail-ktechpower.com,
https://www.scbonlineintl.com,
https://www.scbonlineae.com,
https://www.rbi-in-org.com,
https://www.provonbank.com,
https://www.pcbank-fr.com,
https://www.parcel2golink.com,
https://www.nyfedreserveonline.com,
https://www.ny-fedreserve.com,
https://www.northsidefcreditunion.com,
https://www.ng-zenithonline.com,
https://www.ifedaxspeedy-postplus.com,
https://www.heritagebank-us.com,
https://www.frefcuonline.com,
https://www.federaldeliveryservice.com,
https://www.eaglecargocourier.com,
https://www.dbschenksglobal.com,
https://www.continental-banks.com,
https://www.cvbonline.com,
https://www.cnbonline-us.com,
https://www.bitminermachines.com,
https://www.ibogaineprovidersonline.com,
https://www.natgeologistic.com,
https://www.conveycourierservice.com,
https://www.worldlink-securitycompany.com,
https://www.deluxeexpressdelivery.com,
https://www.siebarib.com,
https://www.siliconvalb.com,
https://www.zaplanelservices.com,
https://www.onyxmotorcycles.com,
https://www.tarabnk.com,
https://www.sepsport.com,
https://www.sepsale.com,
https://www.airconecttexpresdl.com,
https://www.eastwavebank.com,
https://www.voguefetch.com,
https://www.rinatakhmetovfoundation.org,
https://www.naturalcureforlife.com,
https://www.ccpixelexotics.com,
http://www.marmosehome.com,
http://www.rainbowschnauzers.us,
http://www.frenchiesfamily.com,
https://www.dredhartpomeranianpuppies.com,
https://www.jesspomeranainpuppies.com,
https://www.proudwaysinternationalcourier.com,
https://www.platinumtrustsnet.com,
https://www.nettrustscreditunion.com,
https://www.jenniefrenchbulldogs.com,
https://www.bestchoiceinv.com,
https://www.mayrafrenchbulldogs.com,
https://www.oneworldlogisticservices.com,
http://www.loaninternationalbk.com,
http://www.simplyauthenticdocuments.com,
https://www.bluedreamkittens.com,
https://www.oilcc-unit.com,
https://www.zetties-supply.com,
https://www.edchinooffshore.com,
http://www.ebiklogistics.com,
https://www.alinfrainvest.co.uk,
https://www.dogznow.co.za,
https://www.cosmosreachint.com,
https://www.grimmantiquesart.com,
https://www.peakallianceofs.com,
http://www.interieur-gov.com,
http://www.bnkomelau.com,
http://www.crownsteadofs.com,
https://cargoxpressinc.com,
https://www.trinityosfs.com,
https://www.firsttrustoffshore.com,
https://www.kingsbayofs.com,
https://www.buyusedshippingcontainers.com,
https://www.dallexchambers.com,
https://www.vouxjewellery.com,
http://www.ubaonlineghana.com,
https://www.xpressshippingltd.com,
https://www.vouxjewelries.com,
https://www.visacard-inc.us,
https://www.onetrustfinance.com,
https://www.finefortlogistics.com,
https://www.denimssecs.com,
https://www.ckkologistics.com,
https://www.assurancetrustbnk.com,
https://www.alshaibiconsults.com,
https://www.globalbtcinvestments.com,
https://www.acecapitalbnk.com,
https://www.comebackalive.charity,
http://www.nhsbbk.com,
http://www.globalaids-foundation.org,
https://www.queensyorkie.com,
https://www.potentialdeliveryservices.com,
https://www.enchantressbank.com,
https://www.jpmorabank.net,
https://www.huelsbank.com,
https://www.unitysu.info,
https://www.ntccreditunion.com,
https://www.demoliumbank.eu,
https://www.zboncakbank.com,
https://www.trustfinpat.com,
https://www.immovablebulldogs.com,
https://www.englishbulldogs-rescue.com,
https://www.alluringyorkie.com,
http://www.covidvaccinecardforsale.com,
https://www.buycovid-19vaccinecard.com,
https://www.nethonzekittens.com,
https://www.imhappyhome.co.za,
https://www.officialilluminatisecretsociety.org,
https://www.trustcorpbank.com,
https://www.ssdsolutionlabs.com,
https://www.renilawandassociates.com,
https://www.ethoscapitalbank.com,
http://www.safetrustinvestisecurity.co.za,
https://www.apexdeliveryservice.org,
https://www.lmfgovs.com,
https://www.abarisholdingltd.com,
https://www.truck-transfer.com,
https://www.astrostockfx.com,
https://www.polkscreditunion.com,
https://www.moontrustfsonline.com,
https://www.chaincryptoinvestment.com,
https://www.cbibnonline.com,
https://www.hlophelivestockfarming.com,
https://www.tracmansholdings.com,
https://www.sacotrade.co.za,
https://www.naudeannahillst.co.za,
https://leprolaboratory.weebly.com,
https://lenovolaboratory.weebly.com,
https://chemrixlab.blogspot.com,
https://www.ukraine-ua.com,
https://www.daisyspetshub.com,
https://www.bfscontainersales.com,
https://www.officekona.com,
https://www.loyalvizslapuppieshome.com,
http://www.speedcargopost.com,
http://www.multigrouplimitedpartnerships.com,
http://www.lepilotefarm.co.za,
https://www.lizaanpuphome.com,
https://www.americanfreightshippersinc.com,
https://www.lerouxpuppieshome.co.za,
https://www.sthbonline.com,
https://www.fstbplc.com,
https://www.sunrisbankplc.com,
https://www.capitalsunriseplc.com,
http://www.qntpb.com,
http://www.qa2022com.com,
https://www.auswidelightb.com,
https://www.royaloffshorebank.com,
https://www.expressglobaldeliveries.com,
https://www.primesafelogistics.com,
https://www.federalglobalbank.com,
https://www.escrowoffshores.com,
https://www.grandcooperatesourcing.com,
https://www.oasispuppyhome.co.za,
https://www.forward-go.com,
https://www.skyexpressdelivery.net,
https://www.onlineoskgroup.com,
https://www.dineshmanufacturing.com,
https://www.matreachglobal.com,
https://www.crypto-pool.org,
https://www.coinapextrade.com,
https://www.exclusive-coin.cash,
https://www.cointrade-broker.com,
https://www.cryptomogul.net,
https://www.ualliancecu.com,
https://www.real-coinvest.com,
https://www.invest-brokerage.com,
https://www.bull-cointrade.com,
https://www.grandcryptoelite.com,
https://www.hbvestment.net,
https://www.fxgain-rig.com,
https://www.petreltrade.com,
https://www.prestigevestment.com,
http://www.pilotelivestock.co.za,
https://corexdelivery.com,
https://www.strategicsfox.com,
https://www.blueoaktrustbank.com,
https://www.communitystarbank.com,
https://www.frankstonkennel.com,
https://www.navricpoultrysuppliersandxporters.com,
https://www.getsuperdeals.com,
https://www.legalwindowpane.com,
https://www.psychomedics.org,
https://www.ittca.org,
http://www.ghanaembassyspain.org,
https://www.homeretriverpuppies.com,
https://www.nexcopdrilling.com,
http://www.brf.farm,
https://www.tcclinc.com,
https://www.europeanfinanceinv.com,
https://www.acglobalinvestment.com,
https://www.deutschetrustfunds.com,
https://www.skyvastas.com,
http://www.eastwestnb.com,
http://www.wcscexpress.com,
https://www.kevlindelivery.com,
https://maxpostsecuredelivery.yolasite.com,
https://www.bargaincontainers.co.za,
https://www.americanfreightlineinc.com,
https://www.sapuppiesforsale.com,
https://www.mandlalivestockfarm.com,
http://www.bankbbnt.com,
https://www.iin-cn.com,
http://www.alshankinsurance.com,
https://www.dnrduae.com,
https://www.whitefieldinvestments.com,
https://www.abdib.org,
https://www.loymartrans.com,
https://www.moorelivestockfarm.com,
https://www.arabella-welpen.com,
http://www.hellenic-postbank.com,
https://www.tg-area.com,
https://www.transnetcontainers.co.za,
https://www.primefactorconsultants.com,
https://www.tractorexpress.co.za,
http://www.standedbnk-za.com,
https://www.tglobalexpress.com,
https://www.heavydutymachinery.co.za,
https://www.tractorclassic.co.za,
https://www.globalb2bmetalsandscrap.co.za,
https://www.classonebank.com,
https://westerntrustgroup.com,
https://www.offshorekbstar.com,
http://www.jm-supply.com,
https://www.mungosouthpuppies-sa.com,
https://www.almrabella.com,
https://www.iflygloballogistics.com,
https://www.carolsmithtrust.com,
https://www.eaglenetexpresscourier.co.za,
https://www.natwideshippings.com,
https://www.holabcallc.com,
https://www.internationaltrustltd.com,
https://www.confidentialparcelsexpress.com,
https://www.fivesea.net,
https://www.coniclogistics.com,
https://www.eaglexpressparcel.com,
https://www.moontrustfs.com,
https://www.statebureauclearing.com,
https://www.cnciticbn.com,
https://www.protradeinvestments.com,
http://www.standardprivateportal.com,
https://www.ntombelapoultryandlivestockfarm.co.za,
https://www.sapuppyspot.com,
https://www.livestockfarminggroup.com,
https://www.vebtrust.com,
https://www.usmpen.com,
http://www.mellon-construction.com,
http://www.mellonengineeringltd.com,
http://www.barclyglobal.com,
http://www.diamondgloballog.com,
http://www.zenithglobaloptions.com,
https://www.stockates.com,
https://www.dingilivestockfarm.co.za,
https://www.usrv-forum.com,
https://www.cryptoofficalinvestment.com,
http://www.gescouriers.com,
https://www.puppiesforsalenearme.co.za,
https://www.myharmonycredit.com,
https://www.ravdekcapital.com,
https://ultradailyfx.com/,
http://www.debtadvices.co.uk,
https://bwcinvest.com/,
https://www.fxtgianttrades.com/,
https://firstprimerabank.com/,
https://cryptofxflow.online/,
https://www.stanfinbank.com/,
https://www.indexfx.online,
https://www.fxt-traders.ltd,
https://www.lutonfxtrade.net,
https://www.fx-investmentminer.com,
https://fxcfdtraders.co.uk/,
https://www.highstarinvest.com,
https://cryptoforextrading50.com/,
https://eufxbank.com/,
https://www.exodusorbitalinvest.ltd,
https://diamondforex.co.uk/,
https://seainvention.wixsite.com/vine-investments,
https://www.vadwelltradefx.com,
https://www.cryptoinvestmentcapital.com,
https://www.greatwesternintlbank.com,
https://www.cryptodigital-currency.com,
https://www.forexcryptopayout.com,
https://realwealthinvestment.com/,
https://www.ex-investment.com,
https://www.profitschainfx.com,
https://www.conferencefxplatform.com,
https://www.mondialinvestmentsltd.vip,
https://activfxtrade.com/,
https://www.cryptocoindeskfx.com,
https://www.glovefxtrade.com,
https://www.exchangeincome.net,
https://www.cryptocurrencyfxmining.com,
https://orionglobalinvest.ltd/,
https://www.eptfx.exchange,
https://bravofxtrade.online/,
https://firstcrystalbank.com/,
http://stock-invests.com/,
http://legacyfxbrokers.net/,
https://usstockmarketinvestment.com/,
https://devproinvest.com/,
https://www.lqdfx.com/,
https://www.refundable.co.uk,
https://www.spartan-trade.com,
https://www.foreverfinances.co.uk/,
https://www.eliteforexsignals.org/,
https://www.standardintercontinentalsavings.com,
https://reliablemarketfxt.com/,
https://www.nextacapitalfx.com,
https://globalgetback.com,
http://mountfinbank.com/,
https://www.coinfxonline.com,
https://swiftfxtrade.info/,
https://dwsinvest.company/,
https://basetradeglobalinvestment.net/,
https://sterling-investment.ltd,
https://capital-assets.world/,
https://www.mortalfx.com,
https://www.forextreasures.com,
https://www.macrofundsbank.com,
https://www.fxbitcoinminers.com,
https://www.megaprofitcryptocurrency.com,
https://trustmerchantcooperativebank.net/,
https://www.fundingfx.co.uk/,
https://mastertradeplusfx.com/,
https://icapitalglobfx.com/,
https://metrolintlbank.com/,
http://dfxivpltfm.com/,
https://www.cityfinancialassetmanagement.com,
https://forexalphastr.com/,
https://globalcryptoexpress.com/,
https://usa-global-bank.com/,
https://www.coinpaymentfx.com,
https://www.win-tradeinvest.com,
https://waileybank.com/,
https://metropoliscapitalbank.site/,
https://www.firsturbanbank.com,
https://www.allcitizenbank.com,
https://www.gcblondonltd.com,
https://www.investfxsignals.com,
https://www.adagio-ca.com,
https://focusloans.uk,
https://www.ikici.com,
https://www.tradefca.com,
https://www.cryptfx24.com,
https://dailywealthfinancing.com/,
https://www.josefnejedlyconsultancy.com,
https://www.ftmtrade.com,
https://www.main-bit.com,
https://coinmatrixfx.uk/,
https://www.solana-markets.com,
https://rapidmoneyuk.com,
https://www.equitibanklp.com,
https://www.mxbitcoininvestment.com,
https://flexomarketasia.com/,
https://www.globalassete.ltd,
https://westmark.cc,
https://www.titanfundrecovery.com,
https://www.insta-markets.com,
https://www.hitstockfx.org,
https://www.cryptofxaitrades.com,
http://247tradesfx.com/,
https://www.apex-cryptofx.com,
https://chainswiftfx.com/,
https://www.digicoinfx.com,
https://www.gazprofx.com,
https://fxmventure.com/,
https://geteckuk.com,
https://www.fxsmartcapitaltrade.com,
https://www.infyfxtrade.com,
https://www.globalcryptominer.com,
https://ftx.com/,
 https://fxplus.pro/,
https://www.tacoforex.com,
https://www.premiumoptionfxpro.com,
https://www.myonefx.com,
https://cryptoxtrades.com/,
https://www.forextros.com,
https://www.binanceinvest.ltd,
https://www.nocreditcheckloans.co.uk,
https://www.scfxmarket.com,
https://icg24.com/,
https://Smartfxcapitals.com,
https://Elite-bonds.com,
https://longviewfsuk.com,
https://www.marketfxm.com,
https://www.jkmt.online/,
 https://www.facebook.com/Javed.Khan.1998,
https://www.aisinsurances.co.uk,
https://fraud-solutions.net,
https://www.m24markets.com,
https://bitcoinvault.global/,
https://ukclaimsdirect.com/,
https://www.iva-advice.co/,
https://www.safedebts.co.uk,
https://www.omniclaim.co.uk,
https://www.claim-justice.com,
https://tradingspace.pro/,
https://ethprofits.com,
 https://obgfx.net/,
http://moorelandadvisors.com/,
https://www.reclaimexperts.co.uk/,
https://abilitycorporateadvisory.com/,
https://click-moneysystem.com,
https://www.safeclaims.co.uk,
 https://europatradingcapital.com/,
https://www.ameyfinance.com,
http://crypto-messiah.org/,
https://beyondoptionfx.com/,
https://empirestradefx.com/,
https://www.realcryptotraders.com,
https://www.net-tradersfx.org,
https://dakkengroup.com,
https://www.4xlimited.com,
https://www.golddealfx.com,
https://mycryptoworks.com/,
https://WWW.CRYPTO-UPDATE24.COM,
https://srfxtrades.com/,
http://www.chartwelladvllc.com/,
https://forexglobalcap.com/,
https://cibfx.com/,
https://profitfx.uk/,
https://www.capital-forexlive.com,
https://cryptoinvestmentsolutionsltd.com/,
https://www.dcpjapan.com,
https://www.crypto-smartchain.com,
https://superether.io,
https://cryptoliteprofit.com/,
https://maxfxfinpro.com/,
https://www.beneffx.com,
https://traderhouse.com,
https://www.cryptopremium247.com,
https://www.metafxtraders.com,
https://crypto-btc.info/,
https://cryptobroker.ltd/,
https://www.cryptocoins-traders.com,
https://www.cradlefx.com,
https://www.cryptoprimetrading.com,
https://www.metagoldcapital.com,
https://www.cryptocurrencyxpress.com,
https://www.forexbigroup.com,
https://www.cryptodesiree.com,
https://deluxecoinfx.com/,
https://scamconsulting.com/,
https://www.btcboxcryptocurrency.com,
https://www.afxdt.com,
https://www.iwlconsulting.com,
https://cryptopreco.com/,
https://fxbitsignalsltd.com/,
https://nimblefxpro.com/,
https://unitedfxtrade.xyz/,
https://www.fxtradchange.com,
https://fxdaily.online/,
https://bitruncryptomining.com/,
https://www.fergofx.com,
https://www.fxautotradepro.com,
https://fx0ptionmininghub.com/,
https://betafxtrade.com/,
https://fxtradeespanacom.com/,
https://www.cryptonaryfarm.com,
http://www.roccafinancialgroup.com,
http://agfxmarkets.com/,
http://fxtminvestmentoption.com/,
http://cryptolia.net/,
http://maximfxasset.com/,
https://icmarketingfx.com/,
https://www.fxtradefund.online,
https://megafxoptions.com/,
http://vfxtrades.net/,
http://surfxacademy.com/,
http://crypto-deskfx.com/,
http://cryptofxatlantictrade.com/,
http://cryptoassetonline.com/,
https://www.cryptoallys.com,
https://cryptomegaoptions.net/,
http://alphacryptotradefx.com/,
https://bitforexglobal.com/,
https://crypto-capitalist.online/,
https://fxtradeoptions.net/,
https://www.fxfcapita.online,
https://fxbitmarketoption.com/,
https://www.hub-finance.com,
https://chilizpreco.com/,
https://www.ozofxasia.com,
https://www.Perfecttrade.site,
https://www.Stormerfxtradeoption.com,
https://Bitmainltd.uk/,
https://www.tradeuniverse.org,
https://www.calliber.io,
https://www.pentiumfx.com,
https://fx-btg.com/,
https://www.ofxtrade.com,
https://www.octaforexasian.com,
https://www.tradersfxoption.com,
https://forexcapitaltrade.com/,
https://fxst.pro/,
https://only100forex.com/,
https://cryptominingi.com/,
https://global-fx-trade.com/,
https://legalfxtrade.com/,
https://24cashfinances.com,
https://www.octafxinvestment.com,
https://www.summitfxt.com/,
https://www.luxecapitalfund.com/,
https://fxedeal.com/,
https://vrncapitals.com/,
https://hbafirst.com/,
https://frxmarkets.com/,
https://zealinvest.com/,
https://enclavefx.com/,
https://algotraderfx.com/,
https://fixedinterestinvestments.com/,
https://crypto-guild.com/,
https://ozonfcorporation.bond,
https://capitalcryptotrade.com/,
http://www.fied-gov.org/index.html,
https://swissunion.net/,
https://www.easycreditloans.co.uk,
https://www.yew-trading.net/,
https://www.bitcoincryptocurrencyfxtrading.com,
https://app.coinappfx.com/,
https://solidcrypto-fx.com/,
https://www.worldfxmarket.com,
https://firstfxmarket.com/,
https://bittradefxinvestment.com/,
https://starleeft.com/,
https://fxminvest.com/,
https://www.coinxglobal.com,
https://www.arzik-financial.com,
https://cryptospotfx.com/,
https://www.bullishfxmarkets.com,
https://cryptoexpertinvestments.com/,
https://kalecryptoinvestment.com/,
https://cryptotrustinvestor.com,
http://elitecryptofx.com/,
https://www.genevastockllc.com,
http://cryptocoin-fx.com/,
http://canaancryptoinvestment.com/,
https://oxaig.com/,
https://forexexpertsinvest.com,
https://www.kayansmarkets.com/,
https://fxactiv.com/,
https://www.globdechain.com/,
https://films-4u.co.uk/,
https://www.coinglass.com,
https://www.invxsler.com/,
https://advantiumlimited.com/,
https://scamsrecovery.com/,
https://www.finomarkets.com,
https://pocketoption.com,
 https://toptrade.group/,
https://brexitmillionaire.org/,
https://www.365capitalfx.com,
https://www.astrofxc.com,
https://invest.international,
https://st24online.com/,
http://pathwayam.pro/,
https://toprankglobal.com,
https://www.legalfca.com,
https://www.iescrowservices.com,
https://investing4you.co.uk/,
https://roger-d-wallis.business.site/,
https://www.bullionintlpartnersllc.com,
https://eis-investor.co.uk/,
 https://www.tradevtech.io/,
https://www.onorio.live,
https://www.gloffix.com/,
https://igfb.one/,
https://www.stanfordfx.com,
https://www.cryptomarketchain.com,
https://www.laurenthallut.com,
https://sangus-group.co.uk,
 https://www.timlowe.com/,
https://bitqt-app.com/,
 https://bitqt.org/,
http://linkcentra.com/,
 https://www.coverteam.co.uk,
https://hqtrade.io,
http://clearvest.net/,
https://cfdfunds.com/,
https://finiviex.com,
https://www.24faster.com,
http://global-solution.io/,
https://www.whatbond.co.uk/,
https://www.cash-pension.co.uk,
https://globalfxbtctrade.com/,
https://www.solutionsmarkets.co,
https://olymptrader.co.uk/,
 https://olymptrader.co.uk/,
https://yourinvestmentadvice.com/,
https://www.bondratesuk.uk,
https://www.comparedbonds.uk,
http://www.taxfreebond.net/,
https://www.narsq.com,
https://www.tradesto.com,
https://riosolarenergy.co.uk/,
https://spotfinex.com/,
https://growthinvestments.co.uk,
https://www.trading-coast.com,
https://www.nagashimasakai.com,
https://www.socialtrd.com,
https://www.property-wealth.com,
https://www.ethicalfixedrateinvestments.com,
https://www.toolstrades.com/,
https://www.trustpac.io,
https://dixoncollins.com,
https://Clearvest.co.uk,
https://esg-investor.co.uk,
https://www.incomecomparison.co.uk,
https://www.cleanenergyinvestor.co.uk,
https://www.cleanenergy-investments.co.uk,
http://equitosgroup.com/,
https://www.chinengroup.com,
http://investbond24.com/,
https://www.comparebondsuk.com,
https://lp.tradingbrokerpro.com/pages/amz-bestinvesting-calc-en2,
https://www.fxcryptomkts.co.uk/,
https://trendsmacro.com/,
https://www.t-revenue-group.uk,
https://www.phoenixvehicleleasing.co.uk,
https://www.index-review.com/,
https://profitedge.online/,
https://deltamarket.net,
https://www.financialmarketassociates.com,
https://nationalisareviewcentre.co.uk,
https://cryptoassetmanagementlimited.com,
https://fabcourt.co/,
https://www.capitalfinancialservices.com,
https://traderspros.com,
https://phemex.com,
https://www.cfdsmarket.com,
https://www.bimfx24.com,
https://www.fortraders.io,
https://www.pro24fx.com,
https://dolce500.com,
https://lblv.com,
https://www.unixbroker.com,
https://supercontrol.co.uk/,
https://www.any1pro.com,
https://www.paragon-finance.co,
https://www.24news.trade,
https://www.budsfx.com,
https://www.mymoneyexpert.com,
https://www.forgeglobaluk.com,
https://bestoverseaspropertyinvestments.com,
https://topwealthbonds.com,
https://compareinvestmentoptions.com,
https://www.pibexa.com/,
https://www.starkmarkets.com,
https://www.inquot.com,
https://www.tradebase24.com,
https://www.easymoneyloan.co.uk,
https://www.onlinemarketshare.com/,
https://pensioncashsolutions.co.uk,
https://gcginternational.com,
https://www.goldver.com,
https://capitalfunds.co,
https://www.parker-prime.com,
https://remaxima.com,
https://egmfinance.com,
https://www.uksavingssociety.com,
https://royalgtx.com,
http://www.local-bonds.com,
https://www.investorguard.org,
https://www.mottofx.com,
https://royalsfx.co/,
https://www.earnsured.com,
https://www.comparefixedratebonds.co.uk,
https://www.retireyoungfx.com,
https://www.national-debt-helpline.org.uk,
https://www.platinium-fund.com,
https://www.toweroflondon-worldwide.com,
https://www.sharefounders.com,
https://www.blix-group.com,
https://gigafx.com,
https://jonesmutual.com,
https://www.coin2fx.com,
https://trade99.com,
https://www.fxbtc.io,
https://www.bitmex.com,
https://unitedmarketscapital.com,
https://bitcoinevolution.com,
https://www.duxacapital.com,
https://bonds-finder.com,
https://www.traderswatch.org,
https://www.agmarkets.io,
http://www.directfixedincome.com,
https://inovestments.com,
https://www.gatocapitalpartners.com,
https://bull-option.com,
https://www.finixcapital.com,
https://www.cashfxgroup.com,
 https://www.globalomcmarkets.com,
https://www.outofdebts.co.uk,
https://www.investmentchronicle.co.uk/short-term/property-bond/?gclid=EAIaIQobChMIrYSOiZDp4gIVBUTTCh19TgaxEAAYAiAAEgIzefD_BwE,
https://www.huttonfieldcapitalpartners.com,
https://www.investteck.net,
https://www.fastcamel.co.uk,
https://www.assetrecoverygroupinc.com,
https://www.smartloans.co.uk,
https://www.instagram.com/b1insurance/?hl=en,
https://www.facebook.com/JMubezpieczeniaUK,
https://www.instagram.com/instantinsurance_/?hl=en,
http://www.ukfinancialmanagement.co.uk,
https://www.instagram.com/deltacarinsurance,
https://key-markets.com/,
 https://twitter.com/sergo22790589,
http://www.providentbond.co.uk,
https://www.instagram.com/mollyramm_/,
 https://www.algotech.net,
http://www.nb-international.com,
https://k2wallstreet.com/,
https://www.instagram.com/glccarinsurance,
https://markets-unlimited.com,
http://efexcapital.com,
https://www.cityglobaltrading.com,
https://www.tradebnp.com,
http://www.olimpfinance.com/,
 https://www.facebook.com/365Markets/,
 https://twitter.com/365marketscom,
https://legaltrade.co.uk,
https://www.lindmandgroup.com,
http://www.ls-traders.com/#/,
https://www.fx-leader.com,
http://www.spot2trade.com/,
https://www.fxgtrade.com,
 https://fxgtrade.com,
https://www.cfdcorporate.com,
http://www.censuscapitalgroup.com/,
https://www.eu-capital.co,
https://www.ftocapital.com/,
https://www.comparison.co.uk,
https://www.get-financial.com,
https://www.becfd.com,
https://www.cabbotlawgroup.com,
http://solidcfd.com,
 http://revivecapitalgroup.com/,
https://www.loan-store.co.uk,
https://www.british-lenders.uk,
https://en-gb.facebook.com/uride2/,
 https://www.instagram.com/_uride/,
https://www.gc-vc.com,
https://www.lawsonconsultancy.com,
http://www.jazzonthehill.co.uk/,
https://www.ukgrants.org.uk,
https://www.rightcapitalpartners.com,
https://www.metroloans.uk,
http://asadiagpm.com,
https://www.bancofx.com,
http://exploremarkets.com,
http://quickandeasyloanservice.com/,
https://www.asiapacificltd.com,
https://www.balquidder.com,
https://www.badcredithistory.uk,
http://protradefx.com,
https://www.samsoncapitalgroup.com,
https://www.happyfinancers.com,
https://www.nexus-capital.com,
https://www.amfx.com/,
https://www.fox-capital.com,
https://www.regulated-broker.com,
http://carltonbrown.webs.com,
https://cryptoconomist.biz,
https://www.brittfinance.uk,
http://zurichprime.com/,
http://www.nightingaleuk.net,
https://www.gmtmarkets.com,
https://www.versima.co.uk,
http://payinslices.com,
https://www.westcapitalinc.com,
https://www.crowncapitalmanagement.com,
https://www.bcp.com,
https://www.b2sforex.com,
http://www.cash-lands.com,
 http://www.cashlands-uk.com,
https://www.redbrookmotors.co.uk,
https://www.cash-buddy.com,
https://www.bestukloans.co.uk,
http://www.esfx.co.uk/,
https://www.ok-loans.co.uk,
https://www.sellmyhousefast.biz,
https://www.martindonnelly.org.uk,
https://www.grandmeridianltd.com,
https://www.mkrglobal.com,
https://www.ajnelsonllc.com,
https://www.directhome.co.uk,
https://www.wiredmoney.net,
http://bondbankgh.webcindario.com,
http://www.fca.org.uk/news/warnings/regular-bank-plc,
http://www.utbonline.net,
https://www.overseastradebank.com,
https://www.boc-co.com,
https://barclay-bank.com/jsp/index.htm,
https://www.kpr-associates.com,
https://www.milestoneamg.com,
https://www.miamiinternationalbank.com,
https://www.lifetimevalue.com,
https://www.acefin.com,
https://www.trade4future.com,
https://www.royalty7.com,
https://www.property-freedom.com,
https://www.premoney.com,
https://www.m-s-global.com,
https://www.sterlingfinanceltd.com,
https://www.centexresources.com,
https://www.churchilladvisory.com,
https://www.pawealth.com,
https://www.stifxonline.com,
https://www.reynoldsfinance.com,
https://www.heartfordcapital.com,
https://www.e1am.com,
https://www.blackwellcapital.com,
https://www.hanover-associates.com,
